,user_name,user_location,user_description,user_created,user_followers,user_friends,user_favourites,user_verified,date,text,hashtags,source,is_retweet,influencer
51132,jack,,,2020-05-30 19:31:39,5.0,8,250,False,2021-04-11 19:03:04,"$KICK - It‚Äôs not fruit cake. 

$VET $BTC $ETH $DOGE $XRP $TRX $IOST $XLM $LINK $LTC $TEL $BNB $ADA $UNI $REN $SUSHI‚Ä¶ https://t.co/7EaJKft6NQ",,Twitter for iPhone,False,True
52599,jack,,,2020-05-30 19:31:39,5.0,8,250,False,2021-04-10 23:29:15,"Be a part of history. Be a part of $KICK.   

$VET $BTC $ETH $DOGE $XRP $TRX $IOST $XLM $LINK $LTC $TEL $BNB $ADA‚Ä¶ https://t.co/kVL1QVZiKC",,Twitter for iPhone,False,True
52808,jack,,,2020-05-30 19:31:39,5.0,8,250,False,2021-04-10 21:40:06,"$KICK - 7 Days. Did you buy?

$VET $BTC $ETH $DOGE $XRP $TRX $IOST $XLM $LINK $LTC $TEL $BNB $ADA $UNI $REN $DOT‚Ä¶ https://t.co/cNmXaoCBfA",,Twitter for iPhone,False,True
52811,jack,,,2020-05-30 19:31:39,5.0,8,250,False,2021-04-10 21:39:33,"$KICK - At this pace we can be at .001 before Monday.

$VET $BTC $ETH $DOGE $XRP $TRX $IOST $XLM $LINK $LTC $TEL‚Ä¶ https://t.co/0v4W6IYkKp",,Twitter for iPhone,False,True
52814,jack,,,2020-05-30 19:31:39,5.0,8,250,False,2021-04-10 21:38:42,"$500 = 660,000 $KICK Tokens. Short term goal is 0.32 price.

$VET $BTC $ETH $DOGE $XRP $TRX $IOST $XLM $LINK $LTC‚Ä¶ https://t.co/LwVMbbjtPB",,Twitter for iPhone,False,True
52822,jack,,,2020-05-30 19:31:39,5.0,8,250,False,2021-04-10 21:36:54,"$KICK finally took a rest‚Ä¶ next climb can come anytime.  How many exchanges are like KICK?

$VET $BTC $ETH $DOGE‚Ä¶ https://t.co/cKybAd9R70",,Twitter for iPhone,False,True
54310,jack,,,2020-05-30 19:31:39,5.0,8,250,False,2021-04-10 12:50:51,"$KICK - It‚Äôs happening. Look!!
$VET $BTC $ETH $DOGE $XRP $TRX $IOST $XLM $LINK $LTC $TEL $BNB $ADA $UNI $REN $DOT‚Ä¶ https://t.co/AKldaKvFAn",,Twitter for iPhone,False,True
54442,jack,,,2020-05-30 19:31:39,5.0,8,250,False,2021-04-10 12:02:15,"#KICK it doesn't stop anymore, always higher and higher
$VET $BTC $ETH $DOGE $XRP $TRX $IOST $XLM $LINK $LTC $TEL‚Ä¶ https://t.co/SKJKdxLMV6",['KICK'],Twitter for iPhone,False,True
54970,jack,,,2020-05-30 19:31:39,5.0,8,250,False,2021-04-10 09:04:14,"$KICK - In the works. 

$VET $BTC $ETH $DOGE $XRP $TRX $IOST $XLM $LINK $LTC $TEL $BNB $ADA $UNI $REN $DOT $SUSHI‚Ä¶ https://t.co/idCfZVTMwq",,Twitter for iPhone,False,True
55922,jack,,,2020-05-30 19:31:39,5.0,8,250,False,2021-04-10 04:17:09,"GO GO #kicktoken $kick #kick üöÄ
https://t.co/JP5iPtT3UB‚Ä¶
#Bitcoin¬† #cyrpto $xrp #BTC¬† $eth $hot $link $doge $chz‚Ä¶ https://t.co/u2RPW3vQD5","['kicktoken', 'kick', 'Bitcoin', 'cyrpto', 'BTC']",Twitter for iPhone,False,True
55944,jack,,,2020-05-30 19:31:39,5.0,8,250,False,2021-04-10 04:12:44,"$KICK - Have you seen this? 

$VET $BTC $ETH $DOGE $XRP $TRX $IOST $XLM $LINK $LTC $TEL $BNB $ADA $UNI $REN $DOT‚Ä¶ https://t.co/kAdlgDvkNF",,Twitter for iPhone,False,True
55949,jack,,,2020-05-30 19:31:39,5.0,8,250,False,2021-04-10 04:11:53,"Betty is having another $KICK Martini tonight. See why... 

$VET $BTC $ETH $DOGE $XRP $TRX $IOST $XLM $LINK $LTC‚Ä¶ https://t.co/0f5vFVGoBH",,Twitter for iPhone,False,True
55955,jack,,,2020-05-30 19:31:39,5.0,8,250,False,2021-04-10 04:09:33,"$KICK - Are you in position? 

$VET $BTC $ETH $DOGE $XRP $TRX $IOST $XLM $LINK $LTC $TEL $BNB $ADA $UNI $REN $DOT‚Ä¶ https://t.co/Qpkj9Egt39",,Twitter for iPhone,False,True
56771,jack,,,2020-05-30 19:31:39,5.0,8,250,False,2021-04-09 22:22:00,"$KICK  vs $XRP.  Who wins?

$VET $BTC $ETH $DOGE $XRP $TRX $IOST $XLM $LINK $LTC $TEL $BNB $ADA $UNI $DOT $SUSHI‚Ä¶ https://t.co/JImenDzJpc",,Twitter for iPhone,False,True
58307,jack,,,2020-05-30 19:31:39,5.0,8,250,False,2021-04-09 12:47:56,"$KICK - This how crypto giants are made. The exchange will take over the world

$VET $BTC $ETH $DOGE $XRP $TRX‚Ä¶ https://t.co/g4rvW741jb",,Twitter for iPhone,False,True
58316,jack,,,2020-05-30 19:31:39,5.0,8,250,False,2021-04-09 12:45:10,"$KICK  - Buy low now. 

$VET $BTC $ETH $DOGE $XRP $TRX $IOST $XLM $LINK $LTC $TEL $BNB $ADA $UNI $REN $DOT $SUSHI‚Ä¶ https://t.co/E2IN1sOyhI",,Twitter for iPhone,False,True
58327,jack,,,2020-05-30 19:31:39,5.0,8,250,False,2021-04-09 12:41:44,"$KICK  - Buy low now while you can. A new exchange that will pass Binance. 

$VET $BTC $ETH $DOGE $XRP $TRX $XLM‚Ä¶ https://t.co/TwioCBs4F9",,Twitter for iPhone,False,True
63893,jack,,,2020-05-30 19:31:39,5.0,8,268,False,2021-04-07 23:11:20,"$XRP vs $KICK   Who wins?

$VET $BTC $ETH $DOGE $XRP $TRX $IOST $XLM $LINK $LTC $TEL $BNB $ADA $UNI $REN $DOT‚Ä¶ https://t.co/pehfQW777s",,Twitter for iPhone,False,True
88489,jack,,,2020-05-30 19:31:39,7.0,10.0,446.0,False,2021-04-22 01:03:41,"Wow! 
$KICK - provides new opportunities.

$VET $BTC $ETH $DOGE $XRP $TRX $IOST $XLM $LINK $LTC $TEL $BNB $ADA $UNI $REN $DOT $SUSHI $NFT $ENJ $LUNA $NEO $DASH $KCS #ALTSEASON #ALTCOIN #crypto #bitcoin¬†¬† #cryptocurrency #blockchain #btc¬†¬† #ethereum","['ALTSEASON', 'ALTCOIN', 'crypto', 'bitcoin', 'cryptocurrency', 'blockchain', 'btc', 'ethereum']",Twitter for iPhone,False,True
92975,tyler,,I talk about what I‚Äôm feeling. I retweet what I see and sometimes I even type it all out and tweet it. #getyourbread #Bitcoin,2011-08-27 16:10:25,127.0,202.0,1773.0,False,2021-04-21 00:47:00,Stack sats and Busch. #bitcoin #busch #cryptotwitter #BTC https://t.co/Cs7iaF5IHb,"['bitcoin', 'busch', 'cryptotwitter', 'BTC']",Twitter for iPhone,False,True
94131,jack,,,2020-05-30 19:31:39,7.0,10.0,446.0,False,2021-04-20 17:40:19,"$KICK - $100 to $300 is all you need to change your life.

$VET $BTC $ETH $DOGE $XRP $TRX $IOST $XLM $LINK $LTC $TEL $BNB $ADA $UNI $REN $DOT $SUSHI $NFT $ENJ $LUNA $NEO $DASH $KCS #ALTSEASON #ALTCOIN #crypto #bitcoin¬† #cryptocurrency #blockchain #btc¬† #ethereum  #bitcoinmining https://t.co/xtTz5QFB1e","['ALTSEASON', 'ALTCOIN', 'crypto', 'bitcoin', 'cryptocurrency', 'blockchain', 'btc', 'ethereum', 'bitcoinmining']",Twitter for iPhone,False,True
139187,jack,,,2009-06-21 05:22:56,8.0,29,21,False,2021-06-23 13:57:22,$btc #bitcoin could not break 35K gonna see under 30K if not going up anymore !,['bitcoin'],Twitter for iPhone,False,True
152271,jack,,,2009-06-21 05:22:56,8.0,29,21,False,2021-06-23 04:25:35,$btc #bitcoin wait and see if it can breaks 36756$ before u entering otherwise it gonna make u cry bull trap or I would say corrective wave b !,['bitcoin'],Twitter for iPhone,False,True
191737,jack,,,2009-06-21 05:22:56,8.0,29,21,False,2021-06-22 08:30:20,$btc time to dive under 30K ! Buyers are get tired times for bears to start bleeding the market ! #bitcoin,['bitcoin'],Twitter for iPhone,False,True
204350,tyler,,I love lamp #getyourbread #Bitcoin üíé ü•ú #HODL #DYOR #BTC,2011-08-27 16:10:25,125.0,238.0,2359.0,False,2021-06-21 23:32:06,"*every person that tells me to sell my #Bitcoin 
#buythedip #DiamondHands #DYOR #HODL https://t.co/3l3m5sABQL","['Bitcoin', 'buythedip', 'DiamondHands', 'DYOR', 'HODL']",Twitter for iPhone,False,True
229965,jack,,,2009-06-21 05:22:56,8.0,29.0,21.0,False,2021-06-21 11:47:11,$btc #bitcoin still thinking bullish??? Expecting to go under 30K soon ! Daily Macd signal gonna trigger shortly ! BULLS Will see the BIG BEARS,['bitcoin'],Twitter for iPhone,False,True
242981,jack,,,2009-06-21 05:22:56,8.0,29.0,21.0,False,2021-06-21 02:43:03,$btc say goodbye to 35K #bitcoin I am keen to know when Macd in daily show short then what u gonna do bullish market fantasy !,['bitcoin'],Twitter for iPhone,False,True
252091,kris,,,2021-06-20 17:51:41,0.0,1.0,0.0,False,2021-06-20 17:54:06,"I LOVE R-PLANET ‚ù§Ô∏è
 
Join the R-Planet Community Discord Supporter Giveaway with $10,000+  worth of prizes! üëÄ https://t.co/yhCXppv4Qj

#Rplanet #Waxp  #Atomichub #NFT #NFTs #NFTGiveaway #NFTGiveaways  #NFTGaming #FreeNFT #FreeNFTs #PlayToEarn #Bitcoin #blockchain","['Rplanet', 'Waxp', 'Atomichub', 'NFT', 'NFTs', 'NFTGiveaway', 'NFTGiveaways', 'NFTGaming', 'FreeNFT', 'FreeNFTs', 'PlayToEarn', 'Bitcoin', 'blockchain']",Twitter Web App,False,True
290514,kris,,"What value does cryptocurrency add? No one‚Äôs been able to answer that question to me.
‚Äì Steve Eisman",2021-05-15 16:28:20,366.0,374.0,78.0,False,2021-07-04 14:23:48,"@AltcoinDailyio #Bitcoin will always be in the equation but so will be #cryptowallets and @pillarwallet 's the best choice! 

With it, you can buy #Crypto directly with a card or bank transfer for a convenient transaction! 

@TheCryptoVilla, get your $PLR now! https://t.co/E6gzDuA23D","['Bitcoin', 'cryptowallets', 'Crypto']",Twitter for Android,False,True
296275,jack,,,2021-01-30 16:32:04,9.0,285.0,223.0,False,2021-07-04 08:43:15,I feel bullish !!!! $bunny #bitcoin #cake #pancakeswap,"['bitcoin', 'cake', 'pancakeswap']",Twitter for iPhone,False,True
343545,kris,,"Whenever the price of cryptocurrency is rallying, people start spending a lot more.
‚Äì Erik Voorhees",2021-05-14 02:32:28,245.0,239.0,122.0,False,2021-07-02 11:39:46,"@TheMoonCarl Well #Bitcoin always makes impactful moves. But so does @pillarwallet . 

Have you tumbled upon https://t.co/WrdUAPN1aA yet? It gives you all the reasons why you must use it now!

It's also a community-run wallet so you get to decide on its roadmap!

$PLR
#cryptocurrency","['Bitcoin', 'cryptocurrency']",Twitter for Android,False,True
348023,jack,,Joe Biden Stan account ‚ù§Ô∏è,2021-07-14 17:26:01,0.0,2.0,0.0,False,2021-07-22 23:12:48,MY BODY MY CHOICE üò°#CovidVaccine,['CovidVaccine'],Twitter for iPhone,False,True
515906,jack,,,2011-03-31 09:11:25,131.0,39.0,3749.0,False,2021-07-19 20:18:39,Pump it #Bitcoin come on !,['Bitcoin'],Twitter for iPhone,False,True
623708,kris,,,2009-12-30 05:58:18,136.0,153.0,0.0,False,2021-07-30 20:22:10,@binance #BTC and #BNB are clearly the move,"['BTC', 'BNB']",Twitter Web App,False,True
679331,jack,,all,2019-11-23 19:59:21,5.0,149,205,False,2021-07-27 03:58:50,"@ClerivaldoBerg I believe this is a faithful project.The projector has a lot of attractions so hopefully the project will be better in the future and will be the best.
I love it
@harningsihranti
@Aminsobari1
@ali_marsum
#LATOKEN 
 #BTC #LATOKEN
#BitcoinGiveawayOnLATOKEN","['LATOKEN', 'BTC', 'LATOKEN', 'BitcoinGiveawayOnLATOKEN']",Twitter Web App,False,True
687657,jack,United States,Dad üë®‚Äçüë©‚Äçüëß‚Äçüëß Beer üçª Stocks üìâ Crypto ü™ô Music üéº Hunting üèπ Fishing üé£ Photography üì∏ Staying up late trying to become a üíéüëêü¶ç. Im not ‚Äúthat‚Äù Jack White.,2021-05-06 19:55:05,45.0,301,602,False,2021-07-26 17:01:13,I have bags full of crypto. But with #Bitcoin jumping its got me suddenly fired up to buy more! Whats hot right now? #cryptocurrencies #altcoins #newcrypto #BTC #Binance #Ethereum,"['Bitcoin', 'cryptocurrencies', 'altcoins', 'newcrypto', 'BTC', 'Binance', 'Ethereum']",Twitter for iPhone,False,True
693757,jack,,,2014-01-04 12:16:44,5.0,201,8,False,2021-07-26 11:53:33,#btc to the moon üöÄüöÄ 51207,['btc'],Twitter Web App,False,True
696105,tyler,,,2013-12-16 18:45:18,2.0,255,14,False,2021-07-26 11:50:25,#btc to the moon üöÄüöÄ 02224,['btc'],Twitter Web App,False,True
703375,cameron,Waytansea Island,Â§©Â§©Êï≤‰ª£Á†Å,2011-07-25 20:20:49,75.0,163,3384,False,2021-07-26 05:00:06,@Sablinovia @CryptoCobain I did like it #btc,['btc'],Twitter for Android,False,True
778740,cameron,Planet Earth,forex/crypto trader,2011-11-24 17:05:33,13.0,1.0,423.0,False,2021-08-08 04:41:04,I will quit my job and replace it will #Bitcoin,['Bitcoin'],Twitter for iPhone,False,True
819032,jack,Kingdom of Saudi Arabia,,2020-10-06 07:14:24,4.0,295.0,190.0,False,2021-08-07 04:02:57,"OMG second 4üò±üî•
#ATOBTTR¬†#baseball¬†¬† #ChangeTheGame¬†#STLFLY¬†¬† #Basketball¬†#beachvolleyball¬†¬† #BTS #BTC #ind¬†#Dodgers #LoveIsland¬†¬† #Messi #Barcelona #Amostrada #BLACKPINK #bts¬†¬† #Ronaldo #Classico #LaLiga #But #7Olympics #ATOBTTR¬†¬†#BTOB #FCBarcelona #M
 https://t.co/A0FjmlZtyP","['ATOBTTR', 'baseball', 'ChangeTheGame', 'STLFLY', 'Basketball', 'beachvolleyball', 'BTS', 'BTC', 'ind', 'Dodgers', 'LoveIsland', 'Messi', 'Barcelona', 'Amostrada', 'BLACKPINK', 'bts', 'Ronaldo', 'Classico', 'LaLiga', 'But', '7Olympics', 'ATOBTTR', 'BTOB', 'FCBarcelona', 'M']",Twitter for iPhone,False,True
822688,jack,Kingdom of Saudi Arabia,,2020-10-06 07:14:24,4.0,295.0,190.0,False,2021-08-06 20:36:32,"@ChelseaFC @premierleague OMG second 4üò±üî•
#ATOBTTR¬† #baseball¬† #ChangeTheGame¬† #STLFLY¬† #Basketball¬† #beachvolleyball¬† #BTS¬† #BTC #ind¬† #Dodgers¬† #LoveIsland¬† #Messi #Barcelona #Amostrada¬†#BLACKPINK #bts¬† #Ronaldo #Classico #LaLiga #But #7Olympics  #ATOBTTR¬† #BTOB #FCBarcelona #M
 https://t.co/A0FjmlZtyP","['ATOBTTR', 'baseball', 'ChangeTheGame', 'STLFLY', 'Basketball', 'beachvolleyball', 'BTS', 'BTC', 'ind', 'Dodgers', 'LoveIsland', 'Messi', 'Barcelona', 'Amostrada', 'BLACKPINK', 'bts', 'Ronaldo', 'Classico', 'LaLiga', 'But', '7Olympics', 'ATOBTTR', 'BTOB', 'FCBarcelona', 'M']",Twitter for iPhone,False,True
866098,jack,New Zealand,trench baby,2015-02-05 05:49:50,801.0,139.0,12402.0,False,2021-08-20 20:26:02,Need a way to make millions someone get me in there bitcoin shinanigans I got 2k NZD to start wid at this very moment #bitcoin,['bitcoin'],Twitter for iPhone,False,True
1317005,jack,Island,nothing but fun,2021-06-08 10:08:47,25.0,217.0,161.0,False,2021-10-19 07:24:30,"@HarpSealFinance this is gonna be huge! let's go!

@HodlerRohmat @brahamday7
 
@HarpSealFinance #YieldFarming #Airdrop #Binance #BNB #BSC #PancakeSwap #cryptocurrency #DeFi #BinanceSmartChain #BTC","['YieldFarming', 'Airdrop', 'Binance', 'BNB', 'BSC', 'PancakeSwap', 'cryptocurrency', 'DeFi', 'BinanceSmartChain', 'BTC']",Twitter Web App,False,True
1347983,tyler,"Joliet, IL",separate yourself.,2011-06-18 22:51:04,567.0,323,19422,False,2021-10-22 21:20:11,@kernel_zaghetti Fuck #Bitcoin,['Bitcoin'],Twitter for iPad,False,True
1443650,jack,,,2021-09-06 19:08:34,0.0,0.0,278.0,False,2021-10-21 11:48:11,@Altcoin1hunter Finally #btc will again give a hike üí∞,['btc'],Twitter for Android,False,True
1676293,jack,,Pro-roulette/ crypto$,2021-06-16 05:03:29,6.0,53,13,False,2021-11-06 22:14:15,JUST so everyone‚Äôs aware- the house passed a bill that will make people who send over 10k$ in crypto have to report it to the gov in 15 days üñïüèª #Btc #doge #metahero #fuckyou #ALTSEASON #cryptocurrencies #altcoin #Bullish,"['Btc', 'doge', 'metahero', 'fuckyou', 'ALTSEASON', 'cryptocurrencies', 'altcoin', 'Bullish']",Twitter for iPhone,False,True
1704943,jack,,"Follow Back #cryptocurrency #cryptoenthusiast #coffeeaddict
#AshArmy‚úä",2021-10-04 13:53:00,32.0,211.0,379.0,False,2021-11-12 16:44:41,"@ashwsbreal #Bitcoin to the moon üöÄüöÄüöÄ

bc1qrekyj9p5lv67rh4kvkvkqrugr608v0jwz3hqyn",['Bitcoin'],Twitter for Android,False,True
1761069,jack,,"crypto investor || Geek || Mentor
#nft #phtr #eth #bitcoin",2021-11-17 11:27:03,0.0,1.0,7.0,False,2021-11-19 17:45:31,"If you want to learn about crypto as a beginner, do visit https://t.co/k22YDJZ4jp
.
.
.
.
.
@phuture.finance
#cryptomemes #phuturedao #ethereum #ethereummemes #investment #trading #bitcoin #investing #crypto #forex #startup #invest #blockchain #phtr #phuturememe https://t.co/qd5b836fEh","['cryptomemes', 'phuturedao', 'ethereum', 'ethereummemes', 'investment', 'trading', 'bitcoin', 'investing', 'crypto', 'forex', 'startup', 'invest', 'blockchain', 'phtr', 'phuturememe']",Twitter Web App,False,True
1765378,kris,,"Whenever the price of cryptocurrency is rallying, people start spending a lot more.
‚Äì Erik Voorhees",2021-05-14 02:32:28,238.0,282.0,676.0,False,2021-11-19 15:42:31,"With such people, @AvartaNetwork is gonna get big! This  data authentication layer with a patented biometric cross-chain wallet aggregator will be known throughout the #crypto space. @HodlBee , your say?ü§îüöÄ

#CryptoNews #Blockchain #DeFi #Bitcoin #ETH https://t.co/sWnSPYTJoW https://t.co/KhmehxhNlb","['crypto', 'CryptoNews', 'Blockchain', 'DeFi', 'Bitcoin', 'ETH']",Twitter for Android,False,True
1812962,kris,,"Whenever the price of cryptocurrency is rallying, people start spending a lot more.
‚Äì Erik Voorhees",2021-05-14 02:32:28,238.0,282,677,False,2021-11-19 20:19:46,"@IcedKnife Check out @AvartaNetwork . It has a biometrically-secured, multi-
chain #Blockchain wallet that would make transactions in the #DeFi world smoother! Joined https://t.co/2WXDgOpQQq yet?üíØüöÄ

#Crypto #BTC #BSC #ETH","['Blockchain', 'DeFi', 'Crypto', 'BTC', 'BSC', 'ETH']",Twitter for Android,False,True
1881339,kris,,"Whenever the price of cryptocurrency is rallying, people start spending a lot more.
‚Äì Erik Voorhees",2021-05-14 02:32:28,240.0,284.0,784.0,False,2021-11-26 01:33:26,"@IcedKnife Only if you #DYOR on @AvartaNetwork where you can gain priority access and secure larger investment
allocations for new projects with a higher Trust Score! Not on https://t.co/2WXDgO8frQ yet?üöÄüíØ

#Crypto #Blockchain #DeFi #Bitcoin #Coinbase #Decentraland","['DYOR', 'Crypto', 'Blockchain', 'DeFi', 'Bitcoin', 'Coinbase', 'Decentraland']",Twitter for Android,False,True
1894363,kris,,"Whenever the price of cryptocurrency is rallying, people start spending a lot more.
‚Äì Erik Voorhees",2021-05-14 02:32:28,240.0,284.0,784.0,False,2021-11-25 16:15:16,"The #blockchain technology is surely saving lives, so will #Avarta! 
The Avarta score comes in quality ranges that can be used by the user for any DeFi lender for credit assessment purpose. Join https://t.co/2WXDgO8frQ to know moreüíØüöÄ

#CryptocurrencyNews #DeFi #ADA #Bitcoin https://t.co/hUTOVi76Qu https://t.co/yb07rp36fi","['blockchain', 'Avarta', 'CryptocurrencyNews', 'DeFi', 'ADA', 'Bitcoin']",Twitter for Android,False,True
1894535,kris,,"What value does cryptocurrency add? No one‚Äôs been able to answer that question to me.
‚Äì Steve Eisman",2021-05-15 16:28:20,331.0,378.0,719.0,False,2021-11-25 16:10:08,"With the advancements in credits and loans, a platform like #Avarta is very much needed. It uses an amalgamation of on-chain and off-chain risk parameters to obtain an Avarta Score! 

üîóhttps://t.co/jx1rvlg5VQ

#CryptocurrencyNews #DeFi #Web3 #ADA #Bitcoin #BlackFriday https://t.co/g3jLBRBP0c https://t.co/j6HOu2B5Sp","['Avarta', 'CryptocurrencyNews', 'DeFi', 'Web3', 'ADA', 'Bitcoin', 'BlackFriday']",Twitter for Android,False,True
1930460,kris,,"What value does cryptocurrency add? No one‚Äôs been able to answer that question to me.
‚Äì Steve Eisman",2021-05-15 16:28:20,331.0,378.0,719.0,False,2021-11-26 16:33:18,"@kokid951 Follow @AvartaNetwork for a change! #Avarta is able to create a trust score with a military-
grade level of authentication assurance. How remarkable is that? Hop on https://t.co/jx1rvlg5VQ now for updatesüöÄüíØ

#DeFi #Blockchain #CryptocurrencyNews #AmazonBlackFriday #BTC","['Avarta', 'DeFi', 'Blockchain', 'CryptocurrencyNews', 'AmazonBlackFriday', 'BTC']",Twitter for Android,False,True
1930777,kris,,"What value does cryptocurrency add? No one‚Äôs been able to answer that question to me.
‚Äì Steve Eisman",2021-05-15 16:28:20,331.0,378.0,719.0,False,2021-11-26 16:11:24,"#Blockchain has made a significant impact on how payments have been made and it's been complex over time. With #Avarta, such issue can be combated! What do you think of such feature? Join https://t.co/jx1rvlg5VQ to know moreüöÄüíØ

@AvartaNetwork #cryptotrading #BlackFriday #BTC https://t.co/g3jLBRBP0c https://t.co/BgLZqhigup","['Blockchain', 'Avarta', 'cryptotrading', 'BlackFriday', 'BTC']",Twitter for Android,False,True
1930840,kris,,"Whenever the price of cryptocurrency is rallying, people start spending a lot more.
‚Äì Erik Voorhees",2021-05-14 02:32:28,241.0,284.0,784.0,False,2021-11-26 16:07:17,"#Blockchain technology is changing lives and so does @AvartaNetwork that has a 4-in-1 solution for #DeFi and blockchain whereby your face is your private key! Share your thoughts on these now at https://t.co/2WXDgO8frQ üíØüöÄ

#Avarta #cryptotrading #BlackFriday #BTC https://t.co/hUTOVi76Qu https://t.co/lN7wzqAFCI","['Blockchain', 'DeFi', 'Avarta', 'cryptotrading', 'BlackFriday', 'BTC']",Twitter for Android,False,True
1964544,cameron,Virginia,Student @williamandmary ...................................Here to track my growth as an investor and human ...................................... #keeplearning,2021-11-04 21:25:56,3.0,27.0,32.0,False,2021-12-17 15:25:29,#Bitcoin ... tantalizing,['Bitcoin'],Twitter Web App,False,True
1979508,jack,,"crypto investor || Geek || Mentor
#nft #phtr #eth #bitcoin",2021-11-17 11:27:03,20.0,126.0,79.0,False,2021-12-30 16:35:47,"Hurry up!! Stake $PHTR and earn rewards !!
.
.
.
.
.
.
@Phuturedao
 
#cryptomemes #phuturedao #ethereum #ethereummemes #investment #trading #bitcoin #investing #crypto #indexing
#indexinvesting #invest #blockchain #phtr #phuturememe  #phuture #indexfunds #dankmemes #eth https://t.co/HUZQvywTbn","['cryptomemes', 'phuturedao', 'ethereum', 'ethereummemes', 'investment', 'trading', 'bitcoin', 'investing', 'crypto', 'indexing', 'indexinvesting', 'invest', 'blockchain', 'phtr', 'phuturememe', 'phuture', 'indexfunds', 'dankmemes', 'eth']",Twitter Web App,False,True
1988477,jack,,"crypto investor || Geek || Mentor
#nft #phtr #eth #bitcoin",2021-11-17 11:27:03,20.0,126.0,79.0,False,2021-12-30 10:51:04,"Learn about crypto easily from Phuture website learning section.
Link In Bio !!
.
.
.
.
.
@Phuturedao
 
#cryptomemes #phuturedao #ethereum #ethereummemes #investment #trading #bitcoin #investing #crypto #indexing
#indexinvesting #blockchain #phtr #phuturememe #phuture #indexfunds https://t.co/iaHKSWbeBP","['cryptomemes', 'phuturedao', 'ethereum', 'ethereummemes', 'investment', 'trading', 'bitcoin', 'investing', 'crypto', 'indexing', 'indexinvesting', 'blockchain', 'phtr', 'phuturememe', 'phuture', 'indexfunds']",Twitter Web App,False,True
2142565,jack,,"crypto investor || Geek || Mentor
#nft #phtr #eth #bitcoin",2021-11-17 11:27:03,24.0,136,145,False,2022-01-22 17:06:37,"Phuture will save you from every crypto risks!!
.
.
.
.
@Phuturedao 
#cryptomemes #phuturedao #ethereum #ethereummemes #investment #trading #bitcoin #investing #crypto #indexing
#indexinvesting #invest #blockchain #phtr #phuturememe #phuture #indexfunds #dankmemes #eth https://t.co/GYw3iwEySn","['cryptomemes', 'phuturedao', 'ethereum', 'ethereummemes', 'investment', 'trading', 'bitcoin', 'investing', 'crypto', 'indexing', 'indexinvesting', 'invest', 'blockchain', 'phtr', 'phuturememe', 'phuture', 'indexfunds', 'dankmemes', 'eth']",Twitter Web App,False,True
2152349,jack,Scotland ,don‚Äôt let them divide us  #giraffish,2015-09-22 20:33:49,956.0,33,21249,False,2022-01-22 13:45:48,"CT @ times like these reminds me of when the party is clearly over &amp; all that is left is some coked up beauts who dnt know when 2 call it a night but think they have figured out how they could literally get 2 the moon using their Dad‚Äôs flymo &amp; a packet of fire lighters 
#Bitcoin",['Bitcoin'],Twitter for iPhone,False,True
2161061,kris,,Day Trader Kingüìàüíª Make üí∞ Daily,2021-09-30 05:30:45,10.0,15,9,False,2022-01-22 10:35:21,"Still altcoin season?üìàüìàüìàüöÄ

#Crypto #cryptocurrency #Bitcoin #altcoinseason #cryptotrading #Binance #Coinbase #BTCUSD https://t.co/jld8Ag7jlU","['Crypto', 'cryptocurrency', 'Bitcoin', 'altcoinseason', 'cryptotrading', 'Binance', 'Coinbase', 'BTCUSD']",Twitter for iPhone,False,True
2257641,jack,,killer special NFT,2021-10-15 08:45:33,5.0,21.0,20.0,False,2022-01-19 21:30:18,"gripping #nft #NFTCommunity #OpenSeaNFT #OpenSeaNFT #superrare #btc #art #artmuseum #NFTdrop #psychedelic
#Crypto #CryptoPunk #BoredApeYC #art #acid #nonfungible https://t.co/wlIv7noMrZ","['nft', 'NFTCommunity', 'OpenSeaNFT', 'OpenSeaNFT', 'superrare', 'btc', 'art', 'artmuseum', 'NFTdrop', 'psychedelic', 'Crypto', 'CryptoPunk', 'BoredApeYC', 'art', 'acid', 'nonfungible']",Twitter for Android,False,True
2294184,jack,,This is jack frompany 31ÔºåOur company's main business: collecting gift cards and paying with naira,2021-10-26 08:11:06,73.0,57.0,31.0,False,2022-02-18 06:07:13,"https://t.co/jNVu6M0Fmg
After registration you can know the price of the card at any time,and sell card. And make the first successful transaction on the website, you can get 1000 naira#giftcard #giftcards #amazongiftcard #amex #vanillacard #Sephora #BTC #Bitcoin #Lagos #Texas https://t.co/220JgND4fm","['giftcards', 'amazongiftcard', 'amex', 'vanillacard', 'Sephora', 'BTC', 'Bitcoin', 'Lagos', 'Texas']",Twitter Web App,False,True
2398913,jack,Êó•Êú¨ Êù±‰∫¨,We are ccn fans,2022-03-06 10:35:27,4.0,5.0,10.0,False,2022-03-08 22:05:25,"@CCNnet We are ccn fans 
#ccn
#btc
#binance","['ccn', 'btc', 'binance']",Twitter for Android,False,True
2452884,saylor,,"the beras dont know there is no second best gripto asset

ceo of smolstrategy

#bitcorn",2022-03-15 00:06:15,700.0,90,47,False,2022-03-18 21:43:02,"they say that smols have topped

they said the same thing about #Bitcoin in 2011, 2013 and 2017 

i think im noticing a pattern here",['Bitcoin'],Twitter Web App,False,True
2476052,jack,"ƒ∞stanbul, T√ºrkiye",,2021-02-02 22:07:45,2.0,48,142,False,2022-03-17 19:51:19,@Meta_UFO @Meta_UFO @AdemNorman @nimetnorman #Bitcoin #ADX much can I sell this later in my Trust wallet or Metamask or in finance??? IL love Terk too much in my wallets. For how can I buy??? I need It.,"['Bitcoin', 'ADX']",Twitter for iPhone,False,True
2508902,saylor,,"the beras dont know there is no second best gripto asset

ceo of smolstrategy

#bitcorn",2022-03-15 00:06:15,699.0,90.0,47.0,False,2022-03-16 15:34:59,"@smolleader @smolEggOpinion this is the correct way of going about it, if you have anything else left to sell I suggest doing that and buying more #Bitcoin",['Bitcoin'],Twitter Web App,False,True
2509497,saylor,,"the beras dont know there is no second best gripto asset

ceo of smolstrategy

#bitcorn",2022-03-15 00:06:15,699.0,90.0,47.0,False,2022-03-16 15:16:05,"i told you all yesterday to buy the #Bitcoin  dip

did you do it?

probably not... 

BUT there is still hope for you

you can still mortgage your house and buy bitcoin

you can still sell your clothes and buy bitcoin

you can still live on the poverty line... and buy bitcoin",['Bitcoin'],Twitter Web App,False,True
2548241,jack,,"__couple dashes
Bitcoin and crypto holder",2021-10-14 07:42:03,84.0,269.0,1634.0,False,2022-03-15 17:14:14,"@binance one fun fact about #bitcoin: ""Fun fact is that a pizza purchase was the first commercial bitcoin transaction, this was on May 22, 2010. Laszlo Hanyecz paid 10,000 BTC for two Papa John's pizzas -- worth about $41 at the time.""

#Bitcoin #Bitcoinbutton #Binance https://t.co/x78nf1qNB0","['bitcoin', 'Bitcoin', 'Bitcoinbutton', 'Binance']",Twitter for Android,False,True
2564214,kris,,most likely liquidated or underwater // sifu stan // USDT to $1.40 // Gensler is Satoshi,2012-12-30 19:58:06,565.0,304.0,6617.0,False,2022-03-15 07:17:24,Mad to think #BTC is down 25% on the year meanwhile Schiff's hardware is up 6%,['BTC'],TweetDeck,False,True
2574361,jack,,,2022-01-19 21:49:01,0.0,22,22,False,2022-03-24 22:58:37,"@AirdropBSC_Com @AndyKJTea
@LisaEsther6
Amazing
#bitcoin #C98USDT #ADX","['bitcoin', 'C98USDT', 'ADX']",Twitter for Android,False,True
2574376,jack,,,2022-01-19 21:49:01,0.0,22,22,False,2022-03-24 22:58:03,"@web3_coin @cz_binance @binance @BinanceUS @BNBCHAIN @BNBSwap @AndyKJTea
@LisaEsther6
Amazing
#bitcoin #C98USDT #ADX","['bitcoin', 'C98USDT', 'ADX']",Twitter for Android,False,True
2574379,jack,,,2022-01-19 21:49:01,0.0,22,22,False,2022-03-24 22:57:51,"@web3_coin @AndyKJTea
@LisaEsther6
Amazing
#bitcoin #C98USDT #ADX","['bitcoin', 'C98USDT', 'ADX']",Twitter for Android,False,True
2604749,jack,,"crypto investor || Geek || Mentor
#nft #phtr #eth #bitcoin",2021-11-17 11:27:03,26.0,138,336,False,2022-03-24 07:34:54,"It's not going to happen üòê.
.
.
.
.
@phuture_finance 
#cryptomemes #phuturedao #ethereum #ethereummemes #investment #trading #bitcoin #investing #crypto #indexing
#indexinvesting #invest #blockchain #phtr #phuturememe #defi #trader #phuture #indexfunds #dankmemes #eth https://t.co/VE92dNfEFm","['cryptomemes', 'phuturedao', 'ethereum', 'ethereummemes', 'investment', 'trading', 'bitcoin', 'investing', 'crypto', 'indexing', 'indexinvesting', 'invest', 'blockchain', 'phtr', 'phuturememe', 'defi', 'trader', 'phuture', 'indexfunds', 'dankmemes', 'eth']",Twitter Web App,False,True
2805521,jack,,,2021-11-30 02:02:21,20.0,310.0,403.0,False,2022-04-14 07:07:38,"@Cylumfinance @3YHDaVQFpsMJ @adren_h0ag @Hoa3571 

#CYLUM #CYM #BNB #BSC #cryptocurrency #binance #BTC #Ethereum 

I think this project is really good. thx.","['CYLUM', 'CYM', 'BNB', 'BSC', 'cryptocurrency', 'binance', 'BTC', 'Ethereum']",Twitter Web App,False,True
2850333,jack,,"crypto investor || Geek || Mentor
#nft #phtr #eth #bitcoin",2021-11-17 11:27:03,27.0,140.0,404.0,False,2022-04-22 12:29:00,"Save your time and energy with the help of future.
.
.
.
.
@phuture_finance 
#cryptomemes #phuturedao #ethereum #ethereummemes #investment #bitcoin #investing #crypto #indexing
#indexinvesting #invest #blockchain #phtr #phuturememe #defi #phuture #indexfunds #dankmemes #eth https://t.co/tbBZgCMcND","['cryptomemes', 'phuturedao', 'ethereum', 'ethereummemes', 'investment', 'bitcoin', 'investing', 'crypto', 'indexing', 'indexinvesting', 'invest', 'blockchain', 'phtr', 'phuturememe', 'defi', 'phuture', 'indexfunds', 'dankmemes', 'eth']",Twitter Web App,False,True
2855870,jack,"Lahore, Pakistan",just a noob in money stuff,2015-05-05 08:26:39,15.0,61.0,53.0,False,2022-04-22 19:47:54,"I want to say #BTC is sucking up liquidities right now, but I'd prefer gaining more confluence from heatmaps or some indicator such as VPVR that I could use to better see the behind-the-scenes story
Sadly the said indicator isn't free to use
@EmperorBTC 
#100DayChallenge
Day 39","['BTC', '100DayChallenge']",Twitter for Android,False,True
2896375,jack,"Lahore, Pakistan",just a noob in money stuff,2015-05-05 08:26:39,15.0,61.0,53.0,False,2022-04-21 19:42:00,"#BTC is re-testing it's recent resistance turned support, and more or less the market is following in it's footsteps
Looking forward to the incoming upward move 
@EmperorBTC 
#100DayChallenge
Day 38","['BTC', '100DayChallenge']",Twitter for Android,False,True
3003906,jack,"Lahore, Pakistan",just a noob in money stuff,2015-05-05 08:26:39,15.0,62.0,53.0,False,2022-04-19 04:59:54,"#BTC took a nice sweep down to 38,536 
It looks like it's ready to go up, but I'm not confident about it yet
I've drawn my lines and if it goes above 42k and closes above the upper yellow, it could go up and touch 45k 
Though the sweep doesn't seem big enough to pump it that high https://t.co/IlBAmP1dig",['BTC'],Twitter for Android,False,True
3021084,jack,"Lahore, Pakistan",just a noob in money stuff,2015-05-05 08:26:39,15.0,62.0,53.0,False,2022-04-18 07:53:28,"Still waiting for #BTC to go further down to somewhere around 37k 
That's where I'd feel confident that it's got enough fuel to make a huge upward move
@EmperorBTC 
#100DayChallenge
Day 36","['BTC', '100DayChallenge']",Twitter for Android,False,True
3207604,jack,,"crypto investor || Geek || Mentor
#nft #phtr #eth #bitcoin",2021-11-17 11:27:03,30.0,139.0,452.0,False,2022-05-13 17:57:43,"Just invest in Phuture !!
.
.
.
.
@phuture_finance 
#cryptomemes #phuturedao #ethereum #ethereummemes #investment #trading #bitcoin #investing #crypto #indexing
#indexinvesting #invest #blockchain #phtr #phuturememe #defi #trader #phuture #indexfunds #dankmemes #eth https://t.co/1K8bLkvRdL","['cryptomemes', 'phuturedao', 'ethereum', 'ethereummemes', 'investment', 'trading', 'bitcoin', 'investing', 'crypto', 'indexing', 'indexinvesting', 'invest', 'blockchain', 'phtr', 'phuturememe', 'defi', 'trader', 'phuture', 'indexfunds', 'dankmemes', 'eth']",Twitter Web App,False,True
3246599,kris,Rƒ´ga,,2009-09-10 09:21:55,90.0,353.0,48.0,False,2022-05-12 16:31:15,Those dudes in Bitfinex knows something.... BUYING OUT FKING tons..  ... #bitcoin https://t.co/C0d8F3eXYg,['bitcoin'],Twitter for Android,False,True
3264550,jack,,,2012-04-14 00:53:12,17.0,190.0,6.0,False,2022-05-12 08:04:40,"Although the decline of Bitcoin is terrible, I believe that this time is no different from before. I'm predestined to know you. I can give you some support with Lightning NetworkÔºåhodl #bitcoin",['bitcoin'],Twitter for iPhone,False,True
3298043,jack,,,2022-03-28 12:20:01,15.0,297.0,530.0,False,2022-05-11 15:37:42,"JUST IN: The top 100 #Bitcoin wallets have added 77,618 #BTC ($2,420,000,000) in the past 24 hours.","['Bitcoin', 'BTC']",Twitter for Android,False,True
3310954,jack,,,2008-08-02 19:34:50,2.0,1.0,10.0,False,2022-05-10 19:37:08,"Socaljohn found #bitcoin in a Blue vault at this location! Join me playing #coinhuntworld, It's awesome! https://t.co/i42MBPiupf #cryptocurrency #2848383 https://t.co/gM4MNoyrk6","['bitcoin', 'coinhuntworld', 'cryptocurrency']",Twitter for Android,False,True
3311170,jack,,,2008-08-02 19:34:50,2.0,1.0,10.0,False,2022-05-10 19:29:12,"Socaljohn found #bitcoin in a Blue vault at this location! Join me playing #coinhuntworld, It's awesome! https://t.co/i42MBPiupf #cryptocurrency #337896 https://t.co/ZV7K9frHuz","['bitcoin', 'coinhuntworld', 'cryptocurrency']",Twitter for Android,False,True
3311204,jack,,,2008-08-02 19:34:50,2.0,1.0,10.0,False,2022-05-10 19:27:54,"Socaljohn found #bitcoin in a Blue vault at this location! Join me playing #coinhuntworld, It's awesome! https://t.co/i42MBPiupf #cryptocurrency #2737886 https://t.co/b1S98OAS5E","['bitcoin', 'coinhuntworld', 'cryptocurrency']",Twitter for Android,False,True
3319205,saylor,,"the beras dont know there is no second best gripto asset

ceo of smolstrategy

#bitcorn",2022-03-15 00:06:15,855.0,106.0,62.0,False,2022-05-25 23:34:13,i really think a16z should just buy #bitcoin with leverage and just send it,['bitcoin'],Twitter Web App,False,True
3396126,kris,"Helsinki, Suomi",cryptocurrency investor üá∫üá∏#bnb #bitcoin #luna #solana,2021-08-09 12:32:42,741.0,28,10362,False,2022-05-28 19:54:16,"#Bitcoin will be pumpingüòÖ

What do you say, Mr.@cz_binance ?
#Binance #BNB https://t.co/M8VTlIwsNJ","['Bitcoin', 'Binance', 'BNB']",Twitter for iPhone,False,True
3396250,kris,,figuring it out | georgia üçë los angelesüìç,2022-05-04 05:53:25,2.0,52,0,False,2022-05-28 19:46:10,NEXT LEVEL TRAINING ON BLOCKCHAIN TECHNOLOGY PART 2   WEB 3 https://t.co/gnHnY0ItZj #Blockchain #Bitcoin #Ethereum,"['Blockchain', 'Bitcoin', 'Ethereum']",Twitter Web App,False,True
3410974,jack,Outsider,"Hey kau yang terluka karna engkau berbeda.
Jangan pernah menyerah hancurkan kesedihan
Kita kan bersama!!!
 #CryptoLovers #NFT #BNB #BTC #ETH #BRGArmyüî•üî•",2021-03-09 17:14:50,34.0,110.0,277.0,False,2022-05-27 18:26:07,Come on do something #Btc,['Btc'],Twitter for Android,False,True
3412468,saylor,,"the beras dont know there is no second best gripto asset

ceo of smolstrategy

#bitcorn",2022-03-15 00:06:15,863.0,106.0,64.0,False,2022-05-26 22:49:38,"Smol strategy bought the dip today! We have just acquired 0.05 Bitcoin at an average price of 29.335$ USD #Bitcoin 

PSA: looking for job",['Bitcoin'],Twitter Web App,False,True
3412647,saylor,,"the beras dont know there is no second best gripto asset

ceo of smolstrategy

#bitcorn",2022-03-15 00:06:15,863.0,106.0,64.0,False,2022-05-26 22:35:07,looking for a job after the events of today if anyone needs a good boat captain im available to steer the ship #Bitcoin,['Bitcoin'],Twitter Web App,False,True
3422398,tyler,,,2022-04-08 18:58:52,104.0,30.0,1223.0,False,2022-05-26 14:14:19,30min lol welcome to crypto #btc https://t.co/VGtx2kjAZh,['btc'],Twitter for iPhone,False,True
3570485,kris,"Helsinki, Suomi",cryptocurrency investor üá∫üá∏#bnb #bitcoin #luna #solana,2021-08-09 12:32:42,727.0,32.0,10641.0,False,2022-06-15 09:10:48,"@nfa_inu Hi
When listed in @CoinMarketCap ?üöÄüí™üèª#NFAInu #inu #Binance #Bitcoin üèÜü•á","['NFAInu', 'inu', 'Binance', 'Bitcoin']",Twitter for iPhone,False,True
3604397,tyler,,,2022-04-08 18:58:52,102.0,38.0,1594.0,False,2022-06-14 23:26:32,"Busted %0.2

BOOOOOOOOOMMMM

#btc https://t.co/LUdfCPl5p5",['btc'],Twitter for iPhone,False,True
3605480,tyler,,,2022-04-08 18:58:52,102.0,38.0,1594.0,False,2022-06-14 21:31:28,"Wtff 

#btc https://t.co/2jgX1vXEgf",['btc'],Twitter for iPhone,False,True
3653848,tyler,,,2022-04-08 18:58:52,103.0,40.0,1689.0,False,2022-06-18 08:57:40,"Get whichever makes sense to you.

#Bitcoin #BTC https://t.co/Spolv1oD1d","['Bitcoin', 'BTC']",Twitter for iPhone,False,True
3692793,kris,"Helsinki, Suomi",cryptocurrency investor üá∫üá∏#bnb #bitcoin #solana#babydoge#doge,2021-08-09 12:32:42,726.0,33.0,11054.0,False,2022-06-26 11:57:10,#BITCOIN pumpingüî•@Cristiano @cz_binance @elonmusk https://t.co/9Ev84DJfe0,['BITCOIN'],Twitter for iPhone,False,True
3756354,jack,,,2008-08-02 19:34:50,3.0,1.0,14.0,False,2022-06-23 13:28:55,"Socaljohn found #bitcoin in a Green vault at this location! Join me playing #coinhuntworld, It's awesome! https://t.co/s6K1qJ8zXt #cryptocurrency #55120 https://t.co/ye8y2kNv4d","['bitcoin', 'coinhuntworld', 'cryptocurrency']",Twitter for Android,False,True
3789922,jack,Hong Kong,"Cryptocurrency investor, NFT collector, holding BAYC#1097#2783#7392#7886ÔºåHolding 2000+BTCÔºåPay attention to me, and irregularly distribute fan benefits",2022-06-03 11:46:20,16305.0,10.0,31.0,False,2022-06-29 19:48:06,This is the right thing to do in a bear market.ü§†@cz_binance #BAYC #ETH #BTC https://t.co/yY1SI4dbZD,"['BAYC', 'ETH', 'BTC']",Twitter for iPhone,False,True
3822998,kris,"American Fork, UT",cryptocurrency investor #bnb #bitcoin #solana#babydoge#doge,2021-08-09 12:32:42,733.0,27.0,11431.0,False,2022-07-03 19:05:29,#Bitcoin to moonüòé https://t.co/PGMIpq4uxD,['Bitcoin'],Twitter for iPhone,False,True
3840779,jack,,,2008-08-02 19:34:50,3.0,1.0,14.0,False,2022-07-17 23:25:22,"Socaljohn found #bitcoin in a Green vault at this location! Join me playing #coinhuntworld, It's awesome! https://t.co/s6K1qJ8zXt #cryptocurrency #56909 https://t.co/qWouFWqRcA","['bitcoin', 'coinhuntworld', 'cryptocurrency']",Twitter for Android,False,True
3901606,tyler,,,2022-02-16 06:17:42,28.0,31.0,4118.0,False,2022-07-14 19:38:53,@Forbes Great but can‚Äôt afford it üëç hopes for #Bitcoin,['Bitcoin'],Twitter for iPhone,False,True
4041763,jack,,,2008-08-02 19:34:50,3.0,13.0,15.0,False,2022-09-02 16:13:44,"Socaljohn found #bitcoin in a Blue vault at this location! Join me playing #coinhuntworld, It's awesome! https://t.co/tmSLuZ02Xr #cryptocurrency #2842425 https://t.co/0y8of3ZGZe","['bitcoin', 'coinhuntworld', 'cryptocurrency']",Twitter for Android,False,True
4366631,jack,pa,IFBB Pro. Award Winning Author. Gamer.,2022-02-22 17:40:45,323.0,254.0,379,False,2022-10-10 05:53:37,shoutout #Bitcoin https://t.co/Pf04v9Q62t,['Bitcoin'],Twitter for iPhone,False,True
4459758,kris,"Texas, USA",proverbs 11:25,2022-10-25 20:12:34,0.0,6,3,False,2022-11-07 18:31:26,Interesting news #DeFi #crofam #CRO #CryptoNews #Cryptomonnaies #cronoschain #cronosphere #FFTB #Bitcoin #BTC #MarkZuckerberg,"['DeFi', 'crofam', 'CRO', 'CryptoNews', 'Cryptomonnaies', 'cronoschain', 'cronosphere', 'FFTB', 'Bitcoin', 'BTC', 'MarkZuckerberg']",Twitter Web App,False,True
4471987,jack,,,2022-11-14 15:47:52,0.0,3,1,False,2022-11-16 20:46:59,#Bitcoin is the Final Boss.,['Bitcoin'],Twitter Web App,False,True
4529196,jack,To The Moon,(IDO)Airdrop &IDO,2022-08-09 18:33:35,108.0,190,28,False,2022-11-15 06:31:46,"Dind't win , but it's okay , still have giveaway from #Binance One fact from #Bitcoin : Bitcoins are created as a reward for a process known as¬†mining. They can be exchanged for other currencies, products, and services . #BitcoinButton","['Binance', 'Bitcoin', 'BitcoinButton']",Twitter Web App,False,True
