,Unnamed: 0.1,Unnamed: 0,id,conversation_id,date,user_id,username,name,tweet,language,mentions,urls,photos,replies_count,retweets_count,likes_count,hashtags,cashtags,link,retweet,quote_url,video,thumbnail,near,geo,source,retweet_id,reply_to,retweet_date,translate,influencer
0,110050,110049,1386376012670328837,1386376012670328837,2021-04-25 17:46:13+00:00,2193616844.0,twobitidiot,Ryan Selkis,Robinhood Crypto went from 1.7 million to 9.5 million traders in three months if you're wondering where all the DOGE demand came from. ü§Ø,en,[],[],[],54.0,117.0,1103.0,[],[],https://twitter.com/twobitidiot/status/1386376012670328837,False,,0.0,,,,,,[],,,True
1,281388,281386,1384993931595767811,1384993926927425538,2021-04-21 22:14:19+00:00,109404961.0,paoloardoino,Paolo Ardoino,Here is a doge potato  https://t.co/zek25BXsOT,en,[],[],['https://pbs.twimg.com/media/Ezh8pBhXIA8tszM.jpg'],10.0,1.0,29.0,[],[],https://twitter.com/paoloardoino/status/1384993931595767811,False,,1.0,https://pbs.twimg.com/media/Ezh8pBhXIA8tszM.jpg,,,,,[],,,True
2,281390,281388,1384993926927425538,1384993926927425538,2021-04-21 22:14:18+00:00,109404961.0,paoloardoino,Paolo Ardoino,In just few hours $DOGE is doing half of the volume of #MegaDOGE Is this the proof that smaller doges are better?  https://t.co/Z6uuTHlVyY,en,[],[],['https://pbs.twimg.com/media/Ezh8ounWEAMl4-F.jpg'],10.0,8.0,25.0,['megadoge'],['doge'],https://twitter.com/paoloardoino/status/1384993926927425538,False,,1.0,https://pbs.twimg.com/media/Ezh8ounWEAMl4-F.jpg,,,,,[],,,True
3,304123,304121,1384874516640407552,1384874516640407552,2021-04-21 14:19:49+00:00,109404961.0,paoloardoino,Paolo Ardoino,"While we listed #MegaDOGE few months back, seems nothing can beat standard sized #DOGE  Once liquidity is good on the new pairs, margin will be added!",en,[],[],[],17.0,18.0,86.0,"['megadoge', 'doge']",[],https://twitter.com/paoloardoino/status/1384874516640407552,False,https://twitter.com/bitfinex/status/1384862033460482050,0.0,,,,,,[],,,True
4,415208,415206,1384447499369336832,1384444649226620929,2021-04-20 10:03:00+00:00,213236426.0,adam3us,Adam Back,"@MrHodl pumpability is the metric for casino tokens. it's like GME, DOGE of companies rightly shorted, all the better to price manipulate. sooner people get into their head that utility tokenomics are a fallacy, they can not get confused about investing, unless they want to play roulette",en,[],[],[],2.0,6.0,63.0,[],[],https://twitter.com/adam3us/status/1384447499369336832,False,,0.0,,,,,,"[{'screen_name': 'MrHodl', 'name': 'Steve Hodl üåïüçø', 'id': '370872518'}]",,,True
5,420998,420996,1384426682640109568,1384426682640109568,2021-04-20 08:40:17+00:00,58487473.0,cryptomanran,Ran Neuner (Non fungible),$DOGE is not an ALT.,en,[],[],[],84.0,48.0,440.0,[],['doge'],https://twitter.com/cryptomanran/status/1384426682640109568,False,,0.0,,,,,,[],,,True
6,434169,434167,1384378326454734848,1384378326454734848,2021-04-20 05:28:08+00:00,9.4873668055441e+17,elliotrades,Ellio the DON-KEY,Looking at DOGE it‚Äôs so clear that communities create whatever outcomes they want in crypto.  Building strong community is - literally - all that matters,en,[],[],[],149.0,142.0,1367.0,[],[],https://twitter.com/elliotrades/status/1384378326454734848,False,,0.0,,,,,,[],,,True
7,463497,463494,1384291652185907210,1384291652185907210,2021-04-19 23:43:43+00:00,250980843.0,cameron,Cameron Winklevoss,Looking forward to the Doge days of summer,en,[],[],[],231.0,506.0,3584.0,[],[],https://twitter.com/cameron/status/1384291652185907210,False,,0.0,,,,,,[],,,True
8,465724,465721,1384285863022981125,1384285863022981125,2021-04-19 23:20:43+00:00,66950686.0,jespow,Jesse Powell,In tha Beginning...There Was #Doge  https://t.co/dIJTAGN3V8,en,[],['https://www.youtube.com/watch?v=f5X8OFMcc7Q'],[],12.0,4.0,83.0,['doge'],[],https://twitter.com/jespow/status/1384285863022981125,False,,0.0,,,,,,[],,,True
9,468984,468981,1384278426308124673,1384278426308124673,2021-04-19 22:51:10+00:00,24222556.0,tyler,Tyler Winklevoss,"Some days you‚Äôre the Doge, and some days you‚Äôre the hydrant.",en,[],[],[],199.0,425.0,3762.0,[],[],https://twitter.com/tyler/status/1384278426308124673,False,,0.0,,,,,,[],,,True
10,564306,564301,1383915698217390080,1383861515825020928,2021-04-18 22:49:49+00:00,1469101279.0,aantonop,Andreas (BEWARE of giveaway scams!),@Danny_the_DOGE Nope,en,[],[],[],1.0,1.0,1.0,[],[],https://twitter.com/aantonop/status/1383915698217390080,False,,0.0,,,,,,[],,,True
11,597137,597131,1383776553868271617,1383776553868271617,2021-04-18 13:36:54+00:00,58487473.0,cryptomanran,Ran Neuner (Non fungible),"‚Äú$DOGE, cos ignorance is bliss‚Äù",en,[],[],[],35.0,46.0,411.0,[],[],https://twitter.com/cryptomanran/status/1383776553868271617,False,,0.0,,,,,,[],,,True
12,598114,598108,1383771777180962821,1383484458054012930,2021-04-18 13:17:55+00:00,1036115996.0,filbfilb,f i l ‚Çø f i l ‚Çø,@GrantsHero I only added doge to commando on Thursday unfortunately!,en,[],[],[],1.0,0.0,0.0,[],[],https://twitter.com/filbfilb/status/1383771777180962821,False,,0.0,,,,,,"[{'screen_name': 'GrantsHero', 'name': 'Portal', 'id': '2342469414'}]",,,True
13,601068,601062,1383757138774827008,1383757138774827008,2021-04-18 12:19:45+00:00,58487473.0,cryptomanran,Ran Neuner (Non fungible),"The TikTOk traders don‚Äôt care about the market, they are here for $DOGE! Insane.  https://t.co/WlaNhaICIm",en,[],[],['https://pbs.twimg.com/media/EzQXxSzVIAEUza7.jpg'],50.0,34.0,463.0,[],['doge'],https://twitter.com/cryptomanran/status/1383757138774827008,False,,1.0,https://pbs.twimg.com/media/EzQXxSzVIAEUza7.jpg,,,,,[],,,True
14,642629,642623,1383529976255848451,1383525560630976518,2021-04-17 21:17:05+00:00,213236426.0,adam3us,Adam Back,@cryptospa1 no it will be because it's a fork of bitcoin core which he has checkins. doge looks largely unmaintained. the coin is an actual joke btw. people just pump illiquid things for fun.,en,[],[],[],5.0,3.0,60.0,[],[],https://twitter.com/adam3us/status/1383529976255848451,False,,0.0,,,,,,"[{'screen_name': 'cryptospa1', 'name': 'They Call Me Cryptospa (Go Crypto Go!)', 'id': '1088390388392624130'}]",,,True
15,651485,651479,1383499947480293384,1383499947480293384,2021-04-17 19:17:46+00:00,9.4873668055441e+17,elliotrades,Ellio the DON-KEY,"$NANO and $DOGE both just minted new millionaires.   If that offends you, you should cover your eyes for this next part. üòè",en,[],[],[],105.0,67.0,1077.0,[],"['nano', 'doge']",https://twitter.com/elliotrades/status/1383499947480293384,False,,0.0,,,,,,[],,,True
16,659524,659518,1383467505033773063,1383467505033773063,2021-04-17 17:08:51+00:00,250980843.0,cameron,Cameron Winklevoss,Doge is the fun fork of money,en,[],[],[],231.0,309.0,2854.0,[],[],https://twitter.com/cameron/status/1383467505033773063,False,,0.0,,,,,,[],,,True
17,683566,683560,1383384133267726346,1383384133267726346,2021-04-17 11:37:34+00:00,58487473.0,cryptomanran,Ran Neuner (Non fungible),This is evidence that institutional capital is now flowing into $DOGE!,en,[],[],[],21.0,25.0,199.0,[],['doge'],https://twitter.com/cryptomanran/status/1383384133267726346,False,https://twitter.com/Drift0r/status/1382874131872501762,0.0,,,,,,[],,,True
18,685802,685796,1383374890246410244,1383374890246410244,2021-04-17 11:00:50+00:00,58487473.0,cryptomanran,Ran Neuner (Non fungible),Last time I shorted $DOGE I lost $100k. Should I short it again and get my revenge?,en,[],[],[],107.0,30.0,231.0,[],['doge'],https://twitter.com/cryptomanran/status/1383374890246410244,False,,0.0,,,,,,[],,,True
19,693196,693190,1383342016071815169,1383342016071815169,2021-04-17 08:50:12+00:00,58487473.0,cryptomanran,Ran Neuner (Non fungible),Any minute now @michael_saylor will tell us how much $DOGE Microstrategy has on their balance sheet! ü§£,en,"[{'screen_name': 'michael_saylor', 'name': 'michael saylor', 'id': '244647486'}]",[],[],27.0,21.0,239.0,[],['doge'],https://twitter.com/cryptomanran/status/1383342016071815169,False,,0.0,,,,,,[],,,True
20,720846,720840,1383245161073807363,1383245161073807363,2021-04-17 02:25:20+00:00,250980843.0,cameron,Cameron Winklevoss,Doge is gnawing on the world,en,[],[],[],185.0,271.0,2438.0,[],[],https://twitter.com/cameron/status/1383245161073807363,False,,0.0,,,,,,[],,,True
21,764938,764931,1383151985348775939,1383151985348775939,2021-04-16 20:15:05+00:00,250980843.0,cameron,Cameron Winklevoss,Doges just wanna have fun,en,[],[],[],177.0,414.0,3089.0,[],[],https://twitter.com/cameron/status/1383151985348775939,False,,0.0,,,,,,[],,,True
22,909270,909258,1383032285046407169,1383032285046407169,2021-04-16 12:19:26+00:00,2193616844.0,twobitidiot,Ryan Selkis,"‚ÄúDoge is destroying the environment‚Äù takes coming in 3, 2, 1...",en,[],[],[],16.0,9.0,175.0,[],[],https://twitter.com/twobitidiot/status/1383032285046407169,False,,0.0,,,,,,[],,,True
23,935875,935863,1382966188351889409,1382966188351889409,2021-04-16 07:56:48+00:00,23618940.0,lopp,Jameson Lopp,Stopped by /r/dogecoin for the first time in 6 years to see that it has become /r/wallstreetbets but with doges. This is gonna end well...,en,[],[],[],33.0,13.0,503.0,[],[],https://twitter.com/lopp/status/1382966188351889409,False,,0.0,,,,,,[],,,True
24,992780,992766,1382880243120279552,1382880243120279552,2021-04-16 02:15:17+00:00,250980843.0,cameron,Cameron Winklevoss,The Doges are howling tonight!,en,[],[],[],201.0,494.0,4243.0,[],[],https://twitter.com/cameron/status/1382880243120279552,False,,0.0,,,,,,[],,,True
25,1104709,1104695,1382552587099062272,1382552587099062272,2021-04-15 04:33:18+00:00,44196397.0,elonmusk,Elon Musk,Doge Barking at the Moon  https://t.co/QFB81D7zOL,en,[],[],['https://pbs.twimg.com/media/Ey_QPDlWQAIFuJy.jpg'],22966.0,50804.0,336477.0,[],[],https://twitter.com/elonmusk/status/1382552587099062272,False,,1.0,https://pbs.twimg.com/media/Ey_QPDlWQAIFuJy.jpg,,,,,[],,,True
26,1104862,1104848,1382551451185131522,1382539825421582339,2021-04-15 04:28:47+00:00,44196397.0,elonmusk,Elon Musk,@WSBChairman Doge Barking at the Moon ‚Äì Miro  https://t.co/1vTM2XOusy,en,[],[],['https://pbs.twimg.com/media/Ey_PM90XAAEicH7.jpg'],861.0,2667.0,21298.0,[],[],https://twitter.com/elonmusk/status/1382551451185131522,False,,1.0,https://pbs.twimg.com/media/Ey_PM90XAAEicH7.jpg,,,,,"[{'screen_name': 'WSBChairman', 'name': 'The Chairman', 'id': '868578294916145152'}]",,,True
27,1348032,1348016,1377593091574669313,1377574644597846018,2021-04-01 12:06:02+00:00,109404961.0,paoloardoino,Paolo Ardoino,@DxnvxrW @Peter37150046 @bitfinex 1M DOGES,en,[],[],[],1.0,0.0,1.0,[],[],https://twitter.com/paoloardoino/status/1377593091574669313,False,,0.0,,,,,,"[{'screen_name': 'DxnvxrW', 'name': 'Bryson Shiller ‚ú™', 'id': '488085179'}, {'screen_name': 'Peter37150046', 'name': 'Peter', 'id': '1104714261589344256'}, {'screen_name': 'bitfinex', 'name': 'Bitfinex', 'id': '886832413'}]",,,True
28,1434563,1434544,1374834863610732551,1374829855573897217,2021-03-24 21:25:49+00:00,213236426.0,adam3us,Adam Back,"@KimDotcom kim you have to be pragmatic. no one is going to use a product if it tries to push BCH on them. could as well be DOGE or some other coin, but BCH has actual negative reputation. that's like saying new product, artificially buy Zimbabwean dollars to use. there are other products.",en,[],[],[],31.0,4.0,108.0,[],[],https://twitter.com/adam3us/status/1374834863610732551,False,,0.0,,,,,,"[{'screen_name': 'KimDotcom', 'name': 'Kim Dotcom', 'id': '611986351'}]",,,True
29,1518395,1518371,1372658385896738817,1372581896920645632,2021-03-18 21:17:16+00:00,44196397.0,elonmusk,Elon Musk,@lexfridman Sometimes it‚Äôs about Doge,en,[],[],[],1686.0,3603.0,49584.0,[],[],https://twitter.com/elonmusk/status/1372658385896738817,False,,0.0,,,,,,"[{'screen_name': 'lexfridman', 'name': 'Lex Fridman', 'id': '427089628'}]",,,True
30,1554977,1554952,1371600053039722500,1371558003560812545,2021-03-15 23:11:50+00:00,44196397.0,elonmusk,Elon Musk,@beeple 420M Doge,en,[],[],[],2527.0,5141.0,80396.0,[],[],https://twitter.com/elonmusk/status/1371600053039722500,False,,0.0,,,,,,"[{'screen_name': 'beeple', 'name': 'beeple', 'id': '34097500'}]",,,True
31,1593104,1593079,1370883943143251968,1370882536101056523,2021-03-13 23:46:16+00:00,44196397.0,elonmusk,Elon Musk,"Origin of Doge Day Afternoon: The ancient Romans sacrificed a Dogecoin at the beginning of the Doge Days to appease the rage of Sirius, believing that the star was the cause of the hot, sultry weather.",en,[],[],[],2485.0,7897.0,76861.0,[],[],https://twitter.com/elonmusk/status/1370883943143251968,False,,0.0,,,,,,[],,,True
32,1593765,1593740,1370882536101056523,1370882536101056523,2021-03-13 23:40:41+00:00,44196397.0,elonmusk,Elon Musk,Doge day afternoon,en,[],[],[],7375.0,18892.0,176327.0,[],[],https://twitter.com/elonmusk/status/1370882536101056523,False,,0.0,,,,,,[],,,True
33,1610683,1610658,1370461509483069440,1370459199696637954,2021-03-12 19:47:40+00:00,9.029269414134538e+17,cz_binance,CZ üî∂ Binance,"@MTronLink @elonmusk He's already on the board of #doge, lol...",en,[],[],[],1.0,3.0,87.0,['doge'],[],https://twitter.com/cz_binance/status/1370461509483069440,False,,0.0,,,,,,"[{'screen_name': 'MTronLink', 'name': 'Michi Lina to 1$ SXP to 25$', 'id': '1075644852648468480'}, {'screen_name': 'elonmusk', 'name': 'Elon Musk', 'id': '44196397'}]",,,True
34,1616476,1616451,1370282918258618371,1370282916069146627,2021-03-12 07:58:00+00:00,109404961.0,paoloardoino,Paolo Ardoino,"2.  No matter if you root for #bitcoin , #ethereum , doges, horses, apes, shrimps, the level of hypocrisy of that statement is sure out of bounds.",en,[],[],[],3.0,5.0,101.0,"['bitcoin', 'ethereum']",[],https://twitter.com/paoloardoino/status/1370282918258618371,False,,0.0,,,,,,[],,,True
35,1666227,1666199,1368919539375890434,1368919539375890434,2021-03-08 13:40:26+00:00,2193616844.0,twobitidiot,Ryan Selkis,"The top 20 crypto assets by market cap looks more sensible than ever.  Cryptomonies: BTC, LTC, BCH, DOGE Synthetics: USDT, USDC, WBTC, BNB Layer1s: ETH, ADA, DOT, ATOM DeFi: UNI, AAVE, LINK, LUNA  80% seem reasonable to me, even if we nitpick about relative valuations.",en,[],[],[],58.0,52.0,404.0,[],[],https://twitter.com/twobitidiot/status/1368919539375890434,False,,0.0,,,,,,[],,,True
36,1702044,1702016,1368058884837928970,1368058884837928970,2021-03-06 04:40:30+00:00,44196397.0,elonmusk,Elon Musk,Doge spelled backwards is Egod,en,[],[],[],20860.0,38851.0,410312.0,[],[],https://twitter.com/elonmusk/status/1368058884837928970,False,,0.0,,,,,,[],,,True
37,1738582,1738553,1366903758106599425,1366788322094239747,2021-03-03 00:10:26+00:00,23618940.0,lopp,Jameson Lopp,@michaeljburry Short it! I double doge dare you.,en,[],[],[],6.0,3.0,164.0,[],[],https://twitter.com/lopp/status/1366903758106599425,False,,0.0,,,,,,"[{'screen_name': 'michaeljburry', 'name': 'Cassandra', 'id': '412833880'}]",,,True
38,1740547,1740518,1366857632372256770,1366848696298561536,2021-03-02 21:07:09+00:00,44196397.0,elonmusk,Elon Musk,@WootiezTV Very much so &amp; its leader shall be The Doge   https://t.co/VXmuW5c0y9,en,[],['https://en.m.wikipedia.org/wiki/Doge'],[],740.0,1669.0,16156.0,[],[],https://twitter.com/elonmusk/status/1366857632372256770,False,,0.0,,,,,,"[{'screen_name': 'WootiezTV', 'name': 'Wootiez', 'id': '1133490133272076289'}]",,,True
39,1756563,1756534,1366477626429169666,1366477626429169666,2021-03-01 19:57:08+00:00,44196397.0,elonmusk,Elon Musk,Doge meme shield (legendary item)  https://t.co/CeomU9q84c,en,[],[],['https://pbs.twimg.com/media/Eva0KLkVkAIE0Mw.jpg'],9489.0,26874.0,284939.0,[],[],https://twitter.com/elonmusk/status/1366477626429169666,False,,1.0,https://pbs.twimg.com/media/Eva0KLkVkAIE0Mw.jpg,,,,,[],,,True
40,1785589,1785560,1365604904467718145,1365594973140303872,2021-02-27 10:09:15+00:00,213236426.0,adam3us,Adam Back,@factcheckmypost Leverage on doge. smh,en,[],[],[],0.0,0.0,2.0,[],[],https://twitter.com/adam3us/status/1365604904467718145,False,,0.0,,,,,,"[{'screen_name': 'factcheckmypost', 'name': 'Leon, the fact checker', 'id': '1081661742747471872'}]",,,True
41,1861533,1861504,1363947261613531137,1363899737867452420,2021-02-22 20:22:22+00:00,213236426.0,adam3us,Adam Back,"@LilMoonLambo fun, but not sure the doge-tweeter had much to do with it. leverage, cascading liquidations, and then run it back like turbo üìà",en,[],[],[],13.0,1.0,217.0,[],[],https://twitter.com/adam3us/status/1363947261613531137,False,,0.0,,,,,,"[{'screen_name': 'LilMoonLambo', 'name': 'LilMoonLambo', 'id': '2593497397'}]",,,True
42,1875200,1875171,1363657417620389895,1363515632709427204,2021-02-22 01:10:38+00:00,213236426.0,adam3us,Adam Back,@r0ckstardev @NicolasDorier @CandleHater @Tesla @elonmusk @BtcpayServer @andhans_jail lols Elon's doge troll drop-kicked.,en,[],[],[],1.0,1.0,13.0,[],[],https://twitter.com/adam3us/status/1363657417620389895,False,,0.0,,,,,,"[{'screen_name': 'r0ckstardev', 'name': 'Aunt Roxy', 'id': '963431873442648064'}, {'screen_name': 'NicolasDorier', 'name': 'Nicolas Dorier', 'id': '160139307'}, {'screen_name': 'CandleHater', 'name': 'Bitcoin Candle üïØÔ∏è', 'id': '997408071336030208'}, {'screen_name': 'Tesla', 'name': 'Tesla', 'id': '13298072'}, {'screen_name': 'elonmusk', 'name': 'Elon Musk', 'id': '44196397'}, {'screen_name': 'BtcpayServer', 'name': 'BTCPay Server', 'id': '939032087239131136'}, {'screen_name': 'andhans_jail', 'name': 'ü•ïandhans from twiÕõtter jaiÕõlü•ï', 'id': '1166355099217780736'}]",,,True
43,1883405,1883376,1363601164344823810,1363601164344823810,2021-02-21 21:27:06+00:00,44196397.0,elonmusk,Elon Musk,Dojo 4 Doge,sl,[],[],[],19766.0,32902.0,327182.0,[],[],https://twitter.com/elonmusk/status/1363601164344823810,False,,0.0,,,,,,[],,,True
44,1910664,1910635,1363046350900785156,1362771890960551938,2021-02-20 08:42:28+00:00,44196397.0,elonmusk,Elon Musk,@dogecoin I just set up some little Doge mining rigs with my kids. It was fun.,en,[],[],[],2995.0,6795.0,55871.0,[],[],https://twitter.com/elonmusk/status/1363046350900785156,False,,0.0,,,,,,"[{'screen_name': 'dogecoin', 'name': 'Dogecoin', 'id': '2235729541'}]",,,True
45,1915093,1915064,1362945778126180352,1362945776033300481,2021-02-20 02:02:50+00:00,9.029269414134538e+17,cz_binance,CZ üî∂ Binance,"""Surprised"" doesn't mean negative. It just mean surprised.  Not against #DOGE either. #Binance listed it, even added futures. I don't hold it, but I don't hold many other crypto. I hold just #BNB and #BTC.  2/3",en,[],[],[],62.0,92.0,900.0,"['doge', 'binance', 'bnb', 'btc']",[],https://twitter.com/cz_binance/status/1362945778126180352,False,,0.0,,,,,,[],,,True
46,1915094,1915065,1362945776033300481,1362945776033300481,2021-02-20 02:02:49+00:00,9.029269414134538e+17,cz_binance,CZ üî∂ Binance,"A few news outlets has put a negative spin on my comments about @elonmusk and #DOGE, which is a bit annoying. I don't have any negative sentiments about @elonmusk's actions.  In fact, he is one of my idols.  1/3",en,"[{'screen_name': 'elonmusk', 'name': 'elon musk', 'id': '44196397'}, {'screen_name': 'elonmusk', 'name': 'elon musk', 'id': '44196397'}]",[],[],140.0,195.0,1492.0,['doge'],[],https://twitter.com/cz_binance/status/1362945776033300481,False,https://twitter.com/cz_binance/status/1362611592785920005,0.0,,,,,,[],,,True
47,1932237,1932208,1362611592785920005,1362582677199622145,2021-02-19 03:54:54+00:00,9.029269414134538e+17,cz_binance,CZ üî∂ Binance,"@elonmusk @business Yup, that's what I thought/said. You clearly like $DOGE a lot personally, which is awesome. Really appreciate you pushing awareness of $DOGE, #BTC and crypto in generally. Big fan! Hope to get a drink or maybe Clubhouse session one day. Will be so psyched. üôèüôèüôè",en,[],[],[],119.0,209.0,2576.0,['btc'],"['doge', 'doge']",https://twitter.com/cz_binance/status/1362611592785920005,False,,0.0,,,,,,"[{'screen_name': 'elonmusk', 'name': 'Elon Musk', 'id': '44196397'}, {'screen_name': 'business', 'name': 'Bloomberg', 'id': '34713362'}]",,,True
48,2012468,2012437,1361230062922694657,1361228160176652289,2021-02-15 08:25:12+00:00,213236426.0,adam3us,Adam Back,"@udiWertheimer Not even 5%. Also ignore doge, it's a joke, or allegory for bitcoin.",en,[],[],[],4.0,1.0,56.0,[],[],https://twitter.com/adam3us/status/1361230062922694657,False,,0.0,,,,,,"[{'screen_name': 'udiWertheimer', 'name': 'Udi Wertheimer', 'id': '14527699'}]",,,True
49,2025704,2025673,1361096223428653056,1361094185412100096,2021-02-14 23:33:22+00:00,44196397.0,elonmusk,Elon Musk,@RationalEtienne An acceptable percentage. Doge is much more concentrated.,en,[],[],[],468.0,744.0,6058.0,[],[],https://twitter.com/elonmusk/status/1361096223428653056,False,,0.0,,,,,,"[{'screen_name': 'RationalEtienne', 'name': 'Pope of Muskanity - always', 'id': '2241150253'}]",,,True
50,2102407,2102376,1360007611781795840,1359791422711492608,2021-02-11 23:27:37+00:00,44196397.0,elonmusk,Elon Musk,@gtera27 Doge is underestimated,en,[],[],[],2142.0,8577.0,28832.0,[],[],https://twitter.com/elonmusk/status/1360007611781795840,False,,0.0,,,,,,"[{'screen_name': 'gtera27', 'name': 'Greg M', 'id': '1348138843'}]",,,True
51,2197867,2197836,1359161517774688265,1359161517774688265,2021-02-09 15:25:32+00:00,23618940.0,lopp,Jameson Lopp,Shut up and short it. I double doge dare ya.  https://t.co/ODZXbopgmB,en,[],['https://markets.businessinsider.com/currencies/news/big-short-investor-michael-burry-questions-tesla-bitcoin-dogecoin-bubble-2021-2-1030059706'],[],22.0,22.0,337.0,[],[],https://twitter.com/lopp/status/1359161517774688265,False,,0.0,,,,,,[],,,True
52,2265429,2265398,1358767690261823489,1358767690261823489,2021-02-08 13:20:36+00:00,6508432.0,joshfraser,Josh Fraser,Tesla bought $1.5B of #bitcoin but $0 of $DOGE ü§∑‚Äç‚ôÇÔ∏è,en,[],[],[],4.0,0.0,13.0,['bitcoin'],['doge'],https://twitter.com/joshfraser/status/1358767690261823489,False,,0.0,,,,,,[],,,True
53,2267117,2267086,1358762786017275910,1358762786017275910,2021-02-08 13:01:07+00:00,9.029269414134538e+17,cz_binance,CZ üî∂ Binance,"Elon shilled #bitcoin and #doge, bought #bitcoin.",en,[],[],[],1021.0,1108.0,8508.0,"['bitcoin', 'doge', 'bitcoin']",[],https://twitter.com/cz_binance/status/1358762786017275910,False,,0.0,,,,,,[],,,True
54,2284390,2284359,1358648653573992450,1358504050010935296,2021-02-08 05:27:36+00:00,44196397.0,elonmusk,Elon Musk,"@itsALLrisky Doge appears to be inflationary, but is not meaningfully so (fixed # of coins per unit time), whereas BTC is arguably deflationary to a fault.  Transaction speed of Doge should ideally be a few orders of magnitude faster.",en,[],[],[],1171.0,3561.0,15492.0,[],[],https://twitter.com/elonmusk/status/1358648653573992450,False,,0.0,,,,,,"[{'screen_name': 'itsALLrisky', 'name': 'üí∏üí∏üí∏', 'id': '1061349266545885185'}]",,,True
55,2293012,2292981,1358610861024108544,1358610861024108544,2021-02-08 02:57:25+00:00,9.029269414134538e+17,cz_binance,CZ üî∂ Binance,Careful what you wish for!  #Doge on #BSC    https://t.co/vnusZZOMa2,en,[],['https://bscscan.com/token/0xba2ae424d960c26247dd6c32edc70b295c744c43'],[],51.0,41.0,276.0,"['doge', 'bsc']",[],https://twitter.com/cz_binance/status/1358610861024108544,False,https://twitter.com/Axl_Cast10/status/1358609996368461825,0.0,,,,,,[],,,True
56,2333840,2333809,1358542364948668418,1358542364948668418,2021-02-07 22:25:14+00:00,44196397.0,elonmusk,Elon Musk,üé∂ Who let the Doge out üé∂,en,[],[],[],27198.0,114627.0,787326.0,[],[],https://twitter.com/elonmusk/status/1358542364948668418,False,,0.0,,,,,,[],,,True
57,2341018,2340987,1358531099991932929,1358531099991932929,2021-02-07 21:40:29+00:00,250980843.0,cameron,Cameron Winklevoss,#Bitcoin is the hardest money in the observable universe. #DOGE is the funnest money in the observable universe. The need for both is obvious. Woof!,en,[],[],[],251.0,486.0,3011.0,"['bitcoin', 'doge']",[],https://twitter.com/cameron/status/1358531099991932929,False,,0.0,,,,,,[],,,True
58,2346572,2346541,1358513377178513416,1358477236412829705,2021-02-07 20:30:03+00:00,213236426.0,adam3us,Adam Back,@shuzbut1 @DocumentingBTC @elonmusk Well in the longer clip you can see that ofc he's totally trolling about the doge. But we knew that.,en,[],[],[],8.0,0.0,59.0,[],[],https://twitter.com/adam3us/status/1358513377178513416,False,,0.0,,,,,,"[{'screen_name': 'DocumentingBTC', 'name': 'Documenting Bitcoin üìÑ', 'id': '1337780902680809474'}, {'screen_name': 'elonmusk', 'name': 'Elon Musk', 'id': '44196397'}]",,,True
59,2349098,2349067,1358505440032796672,1358505440032796672,2021-02-07 19:58:31+00:00,23618940.0,lopp,Jameson Lopp,I gave away all of my DOGE many years ago. Because that was the point. We had fun staying poor. Pretending to be rich.,en,[],[],[],27.0,37.0,437.0,[],[],https://twitter.com/lopp/status/1358505440032796672,False,,0.0,,,,,,[],,,True
60,2357803,2357772,1358486752294559744,1358486752294559744,2021-02-07 18:44:15+00:00,250980843.0,cameron,Cameron Winklevoss,The U.S. dollar is funny money. #DOGE is fun money.,en,[],[],[],324.0,921.0,5571.0,['doge'],[],https://twitter.com/cameron/status/1358486752294559744,False,,0.0,,,,,,[],,,True
61,2370465,2370434,1358467463759896577,1358327964409102336,2021-02-07 17:27:37+00:00,9.029269414134538e+17,cz_binance,CZ üî∂ Binance,@TheCryptoLark @wolfofcrypto89 Freedom of choice. What's good for #DOGE is good for other #crypto.,en,[],[],[],44.0,31.0,343.0,"['doge', 'crypto']",[],https://twitter.com/cz_binance/status/1358467463759896577,False,,0.0,,,,,,"[{'screen_name': 'TheCryptoLark', 'name': 'Lark Davis', 'id': '30325257'}, {'screen_name': 'wolfofcrypto89', 'name': 'Crypto-World', 'id': '934076220396003328'}]",,,True
62,2374157,2374126,1358457500849238016,1358158576028639233,2021-02-07 16:48:01+00:00,1469101279.0,aantonop,Andreas (BEWARE of giveaway scams!),@ZODtheBarbarian No. Doge is a meme/joke coin. It's in a meme-induced bubble and has nowhere to go. The codebase and node network is pretty much abandoned.,en,[],[],[],1.0,0.0,3.0,[],[],https://twitter.com/aantonop/status/1358457500849238016,False,,0.0,,,,,,"[{'screen_name': 'ZODtheBarbarian', 'name': 'Tim IO', 'id': '895744985571524608'}]",,,True
63,2380019,2379988,1358441980108365825,1358441980108365825,2021-02-07 15:46:21+00:00,250980843.0,cameron,Cameron Winklevoss,The U.S. dollar is becoming a joke. So why not #DOGE?,en,[],[],[],351.0,571.0,3733.0,['doge'],[],https://twitter.com/cameron/status/1358441980108365825,False,,0.0,,,,,,[],,,True
64,2449374,2449343,1358062143229333504,1358062143229333504,2021-02-06 14:37:01+00:00,14592709.0,jbrukh,(Miami) Jake Brukhman,(Game theory + crypto)  Doge and Bitcoin are superadditive cooperative games where the player‚Äôs best strategy for maximizing payoff is to coordinate others to join the coalition that buys the asset.,en,[],[],[],1.0,0.0,3.0,[],[],https://twitter.com/jbrukh/status/1358062143229333504,False,,0.0,,,,,,[],,,True
65,2538695,2538664,1357398415458631683,1357395044416827395,2021-02-04 18:39:36+00:00,23618940.0,lopp,Jameson Lopp,"@diveej3 IIRC, DOGE is merge mined with LTC. Thus the 51% attack cost is ~$30,000 an hour.  https://t.co/LLHBMQRb8b",en,[],['https://www.crypto51.app/'],[],1.0,1.0,1.0,[],[],https://twitter.com/lopp/status/1357398415458631683,False,,0.0,,,,,,"[{'screen_name': 'diveej3', 'name': 'Diveej Shresthaüß¢', 'id': '1177798510160355329'}]",,,True
66,2553135,2553104,1357347226373160977,1357347226373160977,2021-02-04 15:16:11+00:00,250980843.0,cameron,Cameron Winklevoss,Don't nickel and #DOGE me,en,[],[],[],156.0,378.0,2218.0,['doge'],[],https://twitter.com/cameron/status/1357347226373160977,False,,0.0,,,,,,[],,,True
67,2558078,2558047,1357333404568735745,1357333404568735745,2021-02-04 14:21:16+00:00,250980843.0,cameron,Cameron Winklevoss,The best thing about #DOGE is everyone is a maxi,en,[],[],[],162.0,366.0,2092.0,['doge'],[],https://twitter.com/cameron/status/1357333404568735745,False,,0.0,,,,,,[],,,True
68,2560472,2560441,1357327411059322880,1357327411059322880,2021-02-04 13:57:27+00:00,24222556.0,tyler,Tyler Winklevoss,#DOGE is man and woman's best friend,en,[],[],[],245.0,757.0,3334.0,['doge'],[],https://twitter.com/tyler/status/1357327411059322880,False,,0.0,,,,,,[],,,True
69,2560877,2560846,1357326329755148288,1357326329755148288,2021-02-04 13:53:09+00:00,24222556.0,tyler,Tyler Winklevoss,I‚Äôm a #DOGE lover,en,[],[],[],525.0,1142.0,6306.0,['doge'],[],https://twitter.com/tyler/status/1357326329755148288,False,,0.0,,,,,,[],,,True
70,2577361,2577330,1357278594259689472,1357278594259689472,2021-02-04 10:43:28+00:00,250980843.0,cameron,Cameron Winklevoss,I‚Äôm a #DOGE person,en,[],[],[],480.0,1056.0,5721.0,['doge'],[],https://twitter.com/cameron/status/1357278594259689472,False,,0.0,,,,,,[],,,True
71,2585352,2585321,1357259732000538628,1357259732000538628,2021-02-04 09:28:31+00:00,9.029269414134538e+17,cz_binance,CZ üî∂ Binance,"Some pros/risks of #Doge.  Pros: Cool, fun, PR manager @elonmusk. Decentralized in the sense there are no ""core team"". It's abandoned.  Risks: 1 address holds 27% of all #DOGE.  Top 20 addresses holds more than 50%+ of all #DOGE Kinda ""centralized"" in that sense. ""abandoned"".",en,"[{'screen_name': 'elonmusk', 'name': 'elon musk', 'id': '44196397'}]",[],[],33.0,1347.0,5910.0,"['doge', 'doge', 'doge']",[],https://twitter.com/cz_binance/status/1357259732000538628,False,,0.0,,,,,,[],,,True
72,2598778,2598747,1357244295091208193,1357244295091208193,2021-02-04 08:27:10+00:00,44196397.0,elonmusk,Elon Musk,"No highs, no lows, only Doge",en,[],[],[],22438.0,113818.0,773901.0,[],[],https://twitter.com/elonmusk/status/1357244295091208193,False,,0.0,,,,,,[],,,True
73,2611504,2611473,1357231313376456708,1357229691824922633,2021-02-04 07:35:35+00:00,44196397.0,elonmusk,Elon Musk,Doge,en,[],[],[],9324.0,46049.0,261447.0,[],[],https://twitter.com/elonmusk/status/1357231313376456708,False,,0.0,,,,,,[],,,True
74,2638885,2638854,1357024198724448256,1357024198724448256,2021-02-03 17:52:35+00:00,9.4873668055441e+17,elliotrades,Ellio is Buying,Praise be to $DOGE for jumpstarting this insanity.,en,[],[],[],76.0,285.0,1869.0,[],['doge'],https://twitter.com/elliotrades/status/1357024198724448256,False,,0.0,,,,,,[],,,True
75,2680525,2680494,1356406193883803648,1356406193883803648,2021-02-02 00:56:52+00:00,9.029269414134538e+17,cz_binance,CZ üî∂ Binance,"What's good for #DOGE seems to be good for #BNB, too.  https://t.co/uCTbsJeOtW",en,[],[],['https://pbs.twimg.com/media/EtLsHm2VEAEiHg9.png'],14.0,105.0,1236.0,"['doge', 'bnb']",[],https://twitter.com/cz_binance/status/1356406193883803648,False,,1.0,https://pbs.twimg.com/media/EtLsHm2VEAEiHg9.png,,,,,[],,,True
76,2697887,2697856,1356271136439496706,1356271136439496706,2021-02-01 16:00:11+00:00,23618940.0,lopp,Jameson Lopp,If you are FOMOing into DOGE then you're gonna get rekt. But at least you'll have fun staying poor.,en,[],[],[],54.0,70.0,829.0,[],[],https://twitter.com/lopp/status/1356271136439496706,False,,0.0,,,,,,[],,,True
77,2706030,2705999,1356215216858673155,1356099996093997059,2021-02-01 12:17:59+00:00,23618940.0,lopp,Jameson Lopp,@econoar @RandySwartz7 @DegenSpartan @genesimmons If you're going to fall victim to unit bias fallacies then you might as well buy DOGE,en,[],[],[],1.0,0.0,21.0,[],[],https://twitter.com/lopp/status/1356215216858673155,False,,0.0,,,,,,"[{'screen_name': 'econoar', 'name': 'eric.eth', 'id': '14101591'}, {'screen_name': 'RandySwartz7', 'name': 'Randy Swartz', 'id': '1097879483934216196'}, {'screen_name': 'DegenSpartan', 'name': 'Ï∞å G Ë∑ª „Åò MBA, CFA, FRM, CFP, NGMI, HFSP, HENTAI', 'id': '1978953986'}, {'screen_name': 'genesimmons', 'name': 'Gene Simmons', 'id': '14401698'}]",,,True
78,2807378,2807347,1355623808871366658,1355623808871366658,2021-01-30 21:07:56+00:00,250980843.0,cameron,Cameron Winklevoss,If people believe #DOGE is money then it's money,en,[],[],[],653.0,1201.0,7344.0,['doge'],[],https://twitter.com/cameron/status/1355623808871366658,False,,0.0,,,,,,[],,,True
79,2809547,2809516,1355617003206279168,1355617003206279168,2021-01-30 20:40:54+00:00,250980843.0,cameron,Cameron Winklevoss,#DOGE is a protest. People are tired of the modern money monopoly. They're tired of being told what money is and what they are allowed to do with it. Let the people decide for themselves.,en,[],[],[],480.0,1374.0,6560.0,['doge'],[],https://twitter.com/cameron/status/1355617003206279168,False,,0.0,,,,,,[],,,True
80,2843566,2843535,1355473909357948932,1355436876983914497,2021-01-30 11:12:18+00:00,213236426.0,adam3us,Adam Back,"@clarity_focus @mangicrypto Value is decided by fundamentals. $GME price maybe $325, but its fundamental value all would agree is not. Same for cryptostonks DOGE, and 8,000 other alts.",en,[],[],[],2.0,0.0,5.0,[],['gme'],https://twitter.com/adam3us/status/1355473909357948932,False,,0.0,,,,,,"[{'screen_name': 'clarity_focus', 'name': 'Clarity Focus', 'id': '1333766910387707904'}, {'screen_name': 'mangicrypto', 'name': 'Emmanuel', 'id': '840642690027012099'}]",,,True
81,2930196,2930157,1355249398700257287,1355249398700257287,2021-01-29 20:20:10+00:00,250980843.0,cameron,Cameron Winklevoss,"Who let the #DOGE out?  Who, who, who, who, who?",en,[],[],[],336.0,672.0,4528.0,['doge'],[],https://twitter.com/cameron/status/1355249398700257287,False,,0.0,,,,,,[],,,True
82,2954879,2954840,1355212652230930432,1355212652230930432,2021-01-29 17:54:09+00:00,24222556.0,tyler,Tyler Winklevoss,$DOGE is trending. The people are speaking,en,[],[],[],587.0,2265.0,10994.0,[],['doge'],https://twitter.com/tyler/status/1355212652230930432,False,,0.0,,,,,,[],,,True
83,2968869,2968829,1355194844881301505,1355194844881301505,2021-01-29 16:43:23+00:00,250980843.0,cameron,Cameron Winklevoss,Markets are down. $GME $AMC #Bitcoin and #Doge are up. The People have spoken.,en,[],[],[],529.0,2431.0,15816.0,"['bitcoin', 'doge']","['gme', 'amc']",https://twitter.com/cameron/status/1355194844881301505,False,,0.0,,,,,,[],,,True
84,3018559,3018519,1355108745919959051,1355108745919959051,2021-01-29 11:01:16+00:00,9.029269414134538e+17,cz_binance,CZ üî∂ Binance,Moving forward @Binance will be using the app and web home pages to display ‚Äúhot‚Äù coins which will continue to rotate.  We‚Äôre starting with $DOGE.  https://t.co/GiNsAxY3Dn,en,"[{'screen_name': 'binance', 'name': 'binance', 'id': '877807935493033984'}]",[],['https://pbs.twimg.com/media/Es5QDzEVgAEDsQu.jpg'],223.0,248.0,1673.0,[],['doge'],https://twitter.com/cz_binance/status/1355108745919959051,False,,1.0,https://pbs.twimg.com/media/Es5QDzEVgAEDsQu.jpg,,,,,[],,,True
85,3044271,3044231,1355047289736183808,1355047289736183808,2021-01-29 06:57:04+00:00,9.4873668055441e+17,elliotrades,Ellio is Buying,Ok I‚Äôm done MEMEn the DOGE for the night time to sleep,en,[],[],[],32.0,12.0,285.0,[],[],https://twitter.com/elliotrades/status/1355047289736183808,False,,0.0,,,,,,[],,,True
86,3045495,3045455,1355045583115874304,1355045583115874304,2021-01-29 06:50:17+00:00,9.4873668055441e+17,elliotrades,Ellio is Buying,Me trying to explain my gf what happened to $DOGE just now  https://t.co/80Jroi6EIB,en,[],[],['https://pbs.twimg.com/media/Es4WxoMVgAEaDV6.jpg'],41.0,21.0,452.0,[],['doge'],https://twitter.com/elliotrades/status/1355045583115874304,False,,1.0,https://pbs.twimg.com/media/Es4WxoMVgAEaDV6.jpg,,,,,[],,,True
87,3061038,3060998,1355026130747572224,1355024195869044737,2021-01-29 05:32:59+00:00,9.029269414134538e+17,cz_binance,CZ üî∂ Binance,@okoroemy Looks like that so far. I honestly never imagined this ability for #doge. But it is decentralized.,en,[],[],[],1.0,1.0,26.0,['doge'],[],https://twitter.com/cz_binance/status/1355026130747572224,False,,0.0,,,,,,"[{'screen_name': 'okoroemy', 'name': 'Emeka', 'id': '1265055304447860738'}]",,,True
88,3063137,3063097,1355024195869044737,1355024195869044737,2021-01-29 05:25:18+00:00,9.029269414134538e+17,cz_binance,CZ üî∂ Binance,"#bitcoin is king.   #dogeüêï‚Äçü¶∫, well, is like the king's dog.   https://t.co/iibp0qkDSG  https://t.co/QRh5y2qKZ4",en,[],['https://www.binance.com/en/trade/DOGE_BUSD'],['https://pbs.twimg.com/media/Es4DQoIUUAIynuB.jpg'],15.0,258.0,1688.0,"['bitcoin', 'doge']",[],https://twitter.com/cz_binance/status/1355024195869044737,False,,1.0,https://pbs.twimg.com/media/Es4DQoIUUAIynuB.jpg,,,,,[],,,True
89,3067805,3067765,1355019517139673088,1355017685596307457,2021-01-29 05:06:42+00:00,20745781.0,bobbyong,Bobby Ong,@danhwang88 @StakeETH They say we are going for $1 DOGE üòâ,en,[],[],[],0.0,0.0,1.0,[],[],https://twitter.com/bobbyong/status/1355019517139673088,False,,0.0,,,,,,"[{'screen_name': 'danhwang88', 'name': 'Daniel Hwang', 'id': '331819692'}, {'screen_name': 'StakeETH', 'name': 'Collin Myers', 'id': '1000578344860209153'}]",,,True
90,3074579,3074539,1355013822365405184,1354999976481480708,2021-01-29 04:44:04+00:00,9.029269414134538e+17,cz_binance,CZ üî∂ Binance,"@CryptoBull I like #doge, but it unfortunately is unlikely to be the next bitcoin, haha... But who knows. I can't predict the future.",en,[],[],[],85.0,52.0,772.0,['doge'],[],https://twitter.com/cz_binance/status/1355013822365405184,False,,0.0,,,,,,"[{'screen_name': 'CryptoBull', 'name': '‡∏øull∆âoge', 'id': '2520888308'}]",,,True
91,3080387,3080347,1355009445659512832,1355009445659512832,2021-01-29 04:26:41+00:00,9.4873668055441e+17,elliotrades,Ellio is Buying,My gf just showed me this $DOGE meme  https://t.co/QBm74A3ULa,en,[],[],['https://pbs.twimg.com/media/Es316M6VcAI_DNd.jpg'],48.0,71.0,403.0,[],['doge'],https://twitter.com/elliotrades/status/1355009445659512832,False,,1.0,https://pbs.twimg.com/media/Es316M6VcAI_DNd.jpg,,,,,[],,,True
92,3095722,3095682,1355000012200005634,1355000012200005634,2021-01-29 03:49:12+00:00,9.4873668055441e+17,elliotrades,Ellio is Buying,To everyone asking - no I‚Äôm not buying DOGE but I love this wild energy.  We can have fun sometimes in crypto and this is one of them üòÇ,en,[],[],[],41.0,38.0,547.0,[],[],https://twitter.com/elliotrades/status/1355000012200005634,False,,0.0,,,,,,[],,,True
93,3099196,3099156,1354998074909753352,1354998074909753352,2021-01-29 03:41:30+00:00,9.4873668055441e+17,elliotrades,Ellio is Buying,If you‚Äôre not tweeting about $DOGE we are not interested,en,[],[],[],75.0,330.0,1353.0,[],['doge'],https://twitter.com/elliotrades/status/1354998074909753352,False,,0.0,,,,,,[],,,True
94,3099431,3099391,1354997934102872069,1354151145913143299,2021-01-29 03:40:56+00:00,2189541.0,starkness,elizabeth stark,"@prestonjbyrne Welp. DOGE is now mooning, and @prestonjbyrne was as usual ahead of the curve. #dogecoin",en,"[{'screen_name': 'prestonjbyrne', 'name': 'preston byrne', 'id': '151936663'}]",[],[],0.0,4.0,28.0,['dogecoin'],[],https://twitter.com/starkness/status/1354997934102872069,False,,0.0,,,,,,"[{'screen_name': 'prestonjbyrne', 'name': 'Preston Byrne', 'id': '151936663'}]",,,True
95,3104244,3104204,1354995579907170306,1354993932426477568,2021-01-29 03:31:35+00:00,7.026545403871273e+17,haydenzadams,Hayden Adams ü¶Ñ,@KRupyaa @iamDCinvestor Not a big doge fan of doge personally but @WrappedFi could prob make it happen,en,"[{'screen_name': 'wrappedfi', 'name': 'wrapped.com', 'id': '1315483304586477574'}]",[],[],3.0,0.0,2.0,[],[],https://twitter.com/haydenzadams/status/1354995579907170306,False,,0.0,,,,,,"[{'screen_name': 'KRupyaa', 'name': 'KrpyaRupya', 'id': '948272744524853248'}, {'screen_name': 'iamDCinvestor', 'name': 'DCinvŒûstor ‚òÄü¶áüîä', 'id': '956670268596015105'}]",,,True
96,3104782,3104742,1354995334246780933,1354995334246780933,2021-01-29 03:30:36+00:00,26377478.0,laurashin,Laura Shin,"üòÇ Omg, it feels like a full 25% of the comments on here are about $DOGE and another 25% mention #Bitcoin or say, ‚ÄúHODL‚Äù",en,[],[],[],4.0,2.0,37.0,['bitcoin'],['doge'],https://twitter.com/laurashin/status/1354995334246780933,False,https://twitter.com/IPProfEvans/status/1354987631944359942,0.0,,,,,,[],,,True
97,3105967,3105927,1354994849859006466,1354994849859006466,2021-01-29 03:28:41+00:00,9.4873668055441e+17,elliotrades,Ellio is Buying,$DOGE ONLY   UP ONLY,en,[],[],[],60.0,98.0,457.0,[],['doge'],https://twitter.com/elliotrades/status/1354994849859006466,False,,0.0,,,,,,[],,,True
98,3114023,3113983,1354992278515838978,1354992278515838978,2021-01-29 03:18:28+00:00,9.4873668055441e+17,elliotrades,Ellio is Buying,My gf just told me ‚ÄúI‚Äôm buying $DOGE all my friends told me it‚Äôs going to $1 and we‚Äôre all gonna dump it right when it hits $1‚Äù,en,[],[],[],213.0,117.0,1434.0,[],['doge'],https://twitter.com/elliotrades/status/1354992278515838978,False,,0.0,,,,,,[],,,True
99,3115329,3115289,1354991530491039745,1354991530491039745,2021-01-29 03:15:30+00:00,9.4873668055441e+17,elliotrades,Ellio is Buying,What‚Äôs happening with $DOGE is nothing short of history I the making.,en,[],[],[],65.0,151.0,837.0,[],['doge'],https://twitter.com/elliotrades/status/1354991530491039745,False,,0.0,,,,,,[],,,True
100,3118668,3118628,1354989546144817153,1354989169664114690,2021-01-29 03:07:36+00:00,657863.0,kevinrose,KŒûvin Rose,Does Doge hit $1?,en,[],[],[],32.0,18.0,113.0,[],[],https://twitter.com/kevinrose/status/1354989546144817153,False,,0.0,,,,,,[],,,True
101,3137099,3137059,1354971167379972097,1354971167379972097,2021-01-29 01:54:35+00:00,9.029269414134538e+17,cz_binance,CZ üî∂ Binance,#DOGE fixes this. üòÜ,en,[],[],[],159.0,247.0,1755.0,['doge'],[],https://twitter.com/cz_binance/status/1354971167379972097,False,https://twitter.com/APompliano/status/1354970803478163460,0.0,,,,,,[],,,True
102,3150534,3150494,1354957649473908739,1354955426257903623,2021-01-29 01:00:52+00:00,143053926.0,gavinandresen,Gavin Andresen,@ErikVoorhees Citadel was shorting DOGE too?,en,[],[],[],9.0,3.0,93.0,[],[],https://twitter.com/gavinandresen/status/1354957649473908739,False,,0.0,,,,,,"[{'screen_name': 'ErikVoorhees', 'name': 'Erik Voorhees', 'id': '61417559'}]",,,True
103,3203247,3203207,1354901067461390336,1354901067461390336,2021-01-28 21:16:01+00:00,9.4873668055441e+17,elliotrades,Ellio is Buying,$DOGE IS PEACEFUL PROTEST,en,[],[],[],100.0,426.0,2070.0,[],['doge'],https://twitter.com/elliotrades/status/1354901067461390336,False,,0.0,,,,,,[],,,True
104,3224651,3224611,1354860879121010688,1354860879121010688,2021-01-28 18:36:20+00:00,657863.0,kevinrose,KŒûvin Rose,#dogecoin #DOGE  https://t.co/PJ1gI5gGXO,und,[],[],['https://pbs.twimg.com/media/Es1uwFCUcAYKwM4.jpg'],25.0,72.0,500.0,"['dogecoin', 'doge']",[],https://twitter.com/kevinrose/status/1354860879121010688,False,,1.0,https://pbs.twimg.com/media/Es1uwFCUcAYKwM4.jpg,,,,,[],,,True
105,3228832,3228792,1354850180630106113,1354850180630106113,2021-01-28 17:53:49+00:00,9.4873668055441e+17,elliotrades,Ellio is Buying,if $DOGE goes 100X does that mean bear market is next? Asking for a friend,en,[],[],[],84.0,51.0,581.0,[],['doge'],https://twitter.com/elliotrades/status/1354850180630106113,False,,0.0,,,,,,[],,,True
106,3237001,3236961,1354829206157283329,1354828738215563267,2021-01-28 16:30:28+00:00,9.029269414134538e+17,cz_binance,CZ üî∂ Binance,@breakingcrypto2 I never had $DOGE. But always rooting for long.,en,[],[],[],51.0,35.0,411.0,[],['doge'],https://twitter.com/cz_binance/status/1354829206157283329,False,,0.0,,,,,,"[{'screen_name': 'breakingcrypto2', 'name': 'breakingcryptonews', 'id': '1072710080976572421'}]",,,True
107,3237202,3237162,1354828738215563267,1354828738215563267,2021-01-28 16:28:37+00:00,9.029269414134538e+17,cz_binance,CZ üî∂ Binance,"$DOGE üêï‚Äçü¶∫was created to be ""a payment system that is instant, fun, and free from traditional banking fees."" - Wiki  It is also probably the most successful and measurable joke in human history, currently at $2+ billion USD market cap.  This is only possible in #crypto. Freedom.",en,[],[],[],252.0,878.0,4732.0,['crypto'],['doge'],https://twitter.com/cz_binance/status/1354828738215563267,False,,0.0,,,,,,[],,,True
108,3244071,3244031,1354815005724610565,1354815005724610565,2021-01-28 15:34:03+00:00,9.029269414134538e+17,cz_binance,CZ üî∂ Binance,WallStreetBets already in #crypto? in $DOGE now?  HIGH risk WARNING. HIGH volatility WARNING.  We won't be able to ban it or pause trading. Too many other exchanges trading it. Will just cause more problems.  Please do exercise extreme caution. Stay #SAFU.,en,[],[],[],16.0,314.0,1564.0,"['crypto', 'safu']",['doge'],https://twitter.com/cz_binance/status/1354815005724610565,False,https://twitter.com/binance/status/1354812128473931786,0.0,,,,,,[],,,True
109,3268708,3268668,1354677512127668227,1354677512127668227,2021-01-28 06:27:42+00:00,20745781.0,bobbyong,Bobby Ong,Dogecoin up 50% today! What an interesting day with all the chatter on GME. Never bet against the doge!  https://t.co/sc0hmE0Rmi  https://t.co/5cdgmoLCQt,en,[],['https://www.coingecko.com/en/coins/dogecoin'],['https://pbs.twimg.com/media/EszH2ysUcAMe8p4.jpg'],3.0,2.0,22.0,[],[],https://twitter.com/bobbyong/status/1354677512127668227,False,,1.0,https://pbs.twimg.com/media/EszH2ysUcAMe8p4.jpg,,,,,[],,,True
110,3333855,3333815,1349439019126460416,1349439019126460416,2021-01-13 19:31:48+00:00,657863.0,kevinrose,KŒûvin Rose,"Looking at @dogecoin's GitHub, development has certainly stalled. I'd love to fund a group of developers to give doge the attention it deserves. cc: @elonmusk",en,"[{'screen_name': 'dogecoin', 'name': 'dogecoin', 'id': '2235729541'}, {'screen_name': 'elonmusk', 'name': 'elon musk', 'id': '44196397'}]",[],[],66.0,107.0,547.0,[],[],https://twitter.com/kevinrose/status/1349439019126460416,False,,0.0,,,,,,[],,,True
111,3336550,3336510,1349162475162361856,1349153828814336001,2021-01-13 01:12:54+00:00,23618940.0,lopp,Jameson Lopp,@badcryptobitch @matthew_d_green Yes he is a good doge and we go for walks with a harness.,en,[],[],[],0.0,0.0,1.0,[],[],https://twitter.com/lopp/status/1349162475162361856,False,,0.0,,,,,,"[{'screen_name': 'badcryptobitch', 'name': 'Mikerah', 'id': '1054739762815234048'}, {'screen_name': 'matthew_d_green', 'name': 'Matthew Green', 'id': '106234268'}]",,,True
